[{"model": "admin.logentry", "pk": 1, "fields": {"action_time": "2021-07-28T10:47:17.582Z", "user": 1, "content_type": 9, "object_id": "1", "object_repr": "เครื่องใช้ไฟขนาดเล็ก", "action_flag": 1, "change_message": "[{\"added\": {}}]"}}, {"model": "admin.logentry", "pk": 2, "fields": {"action_time": "2021-07-28T10:47:49.061Z", "user": 1, "content_type": 9, "object_id": "2", "object_repr": "เครื่องปรับอากาศ", "action_flag": 1, "change_message": "[{\"added\": {}}]"}}, {"model": "admin.logentry", "pk": 3, "fields": {"action_time": "2021-07-28T10:48:04.165Z", "user": 1, "content_type": 9, "object_id": "3", "object_repr": "ตู้เย็น", "action_flag": 1, "change_message": "[{\"added\": {}}]"}}, {"model": "admin.logentry", "pk": 4, "fields": {"action_time": "2021-07-28T10:48:26.588Z", "user": 1, "content_type": 9, "object_id": "4", "object_repr": "เครื่องซักผ้า", "action_flag": 1, "change_message": "[{\"added\": {}}]"}}, {"model": "admin.logentry", "pk": 5, "fields": {"action_time": "2021-07-28T10:48:44.861Z", "user": 1, "content_type": 9, "object_id": "5", "object_repr": "ทีวี", "action_flag": 1, "change_message": "[{\"added\": {}}]"}}, {"model": "admin.logentry", "pk": 6, "fields": {"action_time": "2021-07-28T10:49:00.585Z", "user": 1, "content_type": 9, "object_id": "6", "object_repr": "เครื่องทำน้ำอุ่น", "action_flag": 1, "change_message": "[{\"added\": {}}]"}}, {"model": "admin.logentry", "pk": 7, "fields": {"action_time": "2021-07-28T10:49:16.196Z", "user": 1, "content_type": 9, "object_id": "7", "object_repr": "เครื่องกรองน้ำ", "action_flag": 1, "change_message": "[{\"added\": {}}]"}}, {"model": "admin.logentry", "pk": 8, "fields": {"action_time": "2021-07-28T10:49:29.945Z", "user": 1, "content_type": 9, "object_id": "8", "object_repr": "พัดลม", "action_flag": 1, "change_message": "[{\"added\": {}}]"}}, {"model": "admin.logentry", "pk": 9, "fields": {"action_time": "2021-07-28T10:52:23.589Z", "user": 1, "content_type": 11, "object_id": "1", "object_repr": "ไมโครเวฟ HAIER", "action_flag": 1, "change_message": "[{\"added\": {}}, {\"added\": {\"name\": \"ProductImage\", \"object\": \"\\u0e44\\u0e21\\u0e42\\u0e04\\u0e23\\u0e40\\u0e27\\u0e1f HAIER\"}}, {\"added\": {\"name\": \"ProductImage\", \"object\": \"\\u0e44\\u0e21\\u0e42\\u0e04\\u0e23\\u0e40\\u0e27\\u0e1f HAIER\"}}, {\"added\": {\"name\": \"ProductImage\", \"object\": \"\\u0e44\\u0e21\\u0e42\\u0e04\\u0e23\\u0e40\\u0e27\\u0e1f HAIER\"}}, {\"added\": {\"name\": \"ProductImage\", \"object\": \"\\u0e44\\u0e21\\u0e42\\u0e04\\u0e23\\u0e40\\u0e27\\u0e1f HAIER\"}}, {\"added\": {\"name\": \"ProductImage\", \"object\": \"\\u0e44\\u0e21\\u0e42\\u0e04\\u0e23\\u0e40\\u0e27\\u0e1f HAIER\"}}]"}}, {"model": "admin.logentry", "pk": 10, "fields": {"action_time": "2021-07-28T10:54:27.924Z", "user": 1, "content_type": 11, "object_id": "2", "object_repr": "หม้อหุงข้าว ZAGIO", "action_flag": 1, "change_message": "[{\"added\": {}}, {\"added\": {\"name\": \"ProductImage\", \"object\": \"\\u0e2b\\u0e21\\u0e49\\u0e2d\\u0e2b\\u0e38\\u0e07\\u0e02\\u0e49\\u0e32\\u0e27 ZAGIO\"}}, {\"added\": {\"name\": \"ProductImage\", \"object\": \"\\u0e2b\\u0e21\\u0e49\\u0e2d\\u0e2b\\u0e38\\u0e07\\u0e02\\u0e49\\u0e32\\u0e27 ZAGIO\"}}, {\"added\": {\"name\": \"ProductImage\", \"object\": \"\\u0e2b\\u0e21\\u0e49\\u0e2d\\u0e2b\\u0e38\\u0e07\\u0e02\\u0e49\\u0e32\\u0e27 ZAGIO\"}}]"}}, {"model": "admin.logentry", "pk": 11, "fields": {"action_time": "2021-07-28T10:58:12.005Z", "user": 1, "content_type": 11, "object_id": "3", "object_repr": "กาต้มน้ำไร้สาย PHILIPS", "action_flag": 1, "change_message": "[{\"added\": {}}, {\"added\": {\"name\": \"ProductImage\", \"object\": \"\\u0e01\\u0e32\\u0e15\\u0e49\\u0e21\\u0e19\\u0e49\\u0e33\\u0e44\\u0e23\\u0e49\\u0e2a\\u0e32\\u0e22 PHILIPS\"}}, {\"added\": {\"name\": \"ProductImage\", \"object\": \"\\u0e01\\u0e32\\u0e15\\u0e49\\u0e21\\u0e19\\u0e49\\u0e33\\u0e44\\u0e23\\u0e49\\u0e2a\\u0e32\\u0e22 PHILIPS\"}}, {\"added\": {\"name\": \"ProductImage\", \"object\": \"\\u0e01\\u0e32\\u0e15\\u0e49\\u0e21\\u0e19\\u0e49\\u0e33\\u0e44\\u0e23\\u0e49\\u0e2a\\u0e32\\u0e22 PHILIPS\"}}, {\"added\": {\"name\": \"ProductImage\", \"object\": \"\\u0e01\\u0e32\\u0e15\\u0e49\\u0e21\\u0e19\\u0e49\\u0e33\\u0e44\\u0e23\\u0e49\\u0e2a\\u0e32\\u0e22 PHILIPS\"}}, {\"added\": {\"name\": \"ProductImage\", \"object\": \"\\u0e01\\u0e32\\u0e15\\u0e49\\u0e21\\u0e19\\u0e49\\u0e33\\u0e44\\u0e23\\u0e49\\u0e2a\\u0e32\\u0e22 PHILIPS\"}}]"}}, {"model": "admin.logentry", "pk": 12, "fields": {"action_time": "2021-07-28T10:59:42.506Z", "user": 1, "content_type": 11, "object_id": "4", "object_repr": "เครื่องปิ้งขนมปัง PHILIPS", "action_flag": 1, "change_message": "[{\"added\": {}}, {\"added\": {\"name\": \"ProductImage\", \"object\": \"\\u0e40\\u0e04\\u0e23\\u0e37\\u0e48\\u0e2d\\u0e07\\u0e1b\\u0e34\\u0e49\\u0e07\\u0e02\\u0e19\\u0e21\\u0e1b\\u0e31\\u0e07 PHILIPS\"}}, {\"added\": {\"name\": \"ProductImage\", \"object\": \"\\u0e40\\u0e04\\u0e23\\u0e37\\u0e48\\u0e2d\\u0e07\\u0e1b\\u0e34\\u0e49\\u0e07\\u0e02\\u0e19\\u0e21\\u0e1b\\u0e31\\u0e07 PHILIPS\"}}, {\"added\": {\"name\": \"ProductImage\", \"object\": \"\\u0e40\\u0e04\\u0e23\\u0e37\\u0e48\\u0e2d\\u0e07\\u0e1b\\u0e34\\u0e49\\u0e07\\u0e02\\u0e19\\u0e21\\u0e1b\\u0e31\\u0e07 PHILIPS\"}}, {\"added\": {\"name\": \"ProductImage\", \"object\": \"\\u0e40\\u0e04\\u0e23\\u0e37\\u0e48\\u0e2d\\u0e07\\u0e1b\\u0e34\\u0e49\\u0e07\\u0e02\\u0e19\\u0e21\\u0e1b\\u0e31\\u0e07 PHILIPS\"}}]"}}, {"model": "admin.logentry", "pk": 13, "fields": {"action_time": "2021-07-28T11:14:42.446Z", "user": 1, "content_type": 11, "object_id": "5", "object_repr": "เครื่องปั่น PANASONIC", "action_flag": 1, "change_message": "[{\"added\": {}}, {\"added\": {\"name\": \"ProductImage\", \"object\": \"\\u0e40\\u0e04\\u0e23\\u0e37\\u0e48\\u0e2d\\u0e07\\u0e1b\\u0e31\\u0e48\\u0e19 PANASONIC\"}}, {\"added\": {\"name\": \"ProductImage\", \"object\": \"\\u0e40\\u0e04\\u0e23\\u0e37\\u0e48\\u0e2d\\u0e07\\u0e1b\\u0e31\\u0e48\\u0e19 PANASONIC\"}}, {\"added\": {\"name\": \"ProductImage\", \"object\": \"\\u0e40\\u0e04\\u0e23\\u0e37\\u0e48\\u0e2d\\u0e07\\u0e1b\\u0e31\\u0e48\\u0e19 PANASONIC\"}}, {\"added\": {\"name\": \"ProductImage\", \"object\": \"\\u0e40\\u0e04\\u0e23\\u0e37\\u0e48\\u0e2d\\u0e07\\u0e1b\\u0e31\\u0e48\\u0e19 PANASONIC\"}}]"}}, {"model": "admin.logentry", "pk": 14, "fields": {"action_time": "2021-07-28T11:16:23.083Z", "user": 1, "content_type": 11, "object_id": "6", "object_repr": "เตาแม่เหล็กไฟฟ้า SHARP", "action_flag": 1, "change_message": "[{\"added\": {}}, {\"added\": {\"name\": \"ProductImage\", \"object\": \"\\u0e40\\u0e15\\u0e32\\u0e41\\u0e21\\u0e48\\u0e40\\u0e2b\\u0e25\\u0e47\\u0e01\\u0e44\\u0e1f\\u0e1f\\u0e49\\u0e32 SHARP\"}}, {\"added\": {\"name\": \"ProductImage\", \"object\": \"\\u0e40\\u0e15\\u0e32\\u0e41\\u0e21\\u0e48\\u0e40\\u0e2b\\u0e25\\u0e47\\u0e01\\u0e44\\u0e1f\\u0e1f\\u0e49\\u0e32 SHARP\"}}, {\"added\": {\"name\": \"ProductImage\", \"object\": \"\\u0e40\\u0e15\\u0e32\\u0e41\\u0e21\\u0e48\\u0e40\\u0e2b\\u0e25\\u0e47\\u0e01\\u0e44\\u0e1f\\u0e1f\\u0e49\\u0e32 SHARP\"}}, {\"added\": {\"name\": \"ProductImage\", \"object\": \"\\u0e40\\u0e15\\u0e32\\u0e41\\u0e21\\u0e48\\u0e40\\u0e2b\\u0e25\\u0e47\\u0e01\\u0e44\\u0e1f\\u0e1f\\u0e49\\u0e32 SHARP\"}}]"}}, {"model": "admin.logentry", "pk": 15, "fields": {"action_time": "2021-07-28T11:18:49.175Z", "user": 1, "content_type": 11, "object_id": "7", "object_repr": "เตารีดแห้ง PHILIPS", "action_flag": 1, "change_message": "[{\"added\": {}}, {\"added\": {\"name\": \"ProductImage\", \"object\": \"\\u0e40\\u0e15\\u0e32\\u0e23\\u0e35\\u0e14\\u0e41\\u0e2b\\u0e49\\u0e07 PHILIPS\"}}, {\"added\": {\"name\": \"ProductImage\", \"object\": \"\\u0e40\\u0e15\\u0e32\\u0e23\\u0e35\\u0e14\\u0e41\\u0e2b\\u0e49\\u0e07 PHILIPS\"}}, {\"added\": {\"name\": \"ProductImage\", \"object\": \"\\u0e40\\u0e15\\u0e32\\u0e23\\u0e35\\u0e14\\u0e41\\u0e2b\\u0e49\\u0e07 PHILIPS\"}}, {\"added\": {\"name\": \"ProductImage\", \"object\": \"\\u0e40\\u0e15\\u0e32\\u0e23\\u0e35\\u0e14\\u0e41\\u0e2b\\u0e49\\u0e07 PHILIPS\"}}]"}}, {"model": "admin.logentry", "pk": 16, "fields": {"action_time": "2021-07-28T11:20:09.304Z", "user": 1, "content_type": 11, "object_id": "8", "object_repr": "เครื่องดูดฝุ่น แบบถุง", "action_flag": 1, "change_message": "[{\"added\": {}}, {\"added\": {\"name\": \"ProductImage\", \"object\": \"\\u0e40\\u0e04\\u0e23\\u0e37\\u0e48\\u0e2d\\u0e07\\u0e14\\u0e39\\u0e14\\u0e1d\\u0e38\\u0e48\\u0e19 \\u0e41\\u0e1a\\u0e1a\\u0e16\\u0e38\\u0e07\"}}, {\"added\": {\"name\": \"ProductImage\", \"object\": \"\\u0e40\\u0e04\\u0e23\\u0e37\\u0e48\\u0e2d\\u0e07\\u0e14\\u0e39\\u0e14\\u0e1d\\u0e38\\u0e48\\u0e19 \\u0e41\\u0e1a\\u0e1a\\u0e16\\u0e38\\u0e07\"}}, {\"added\": {\"name\": \"ProductImage\", \"object\": \"\\u0e40\\u0e04\\u0e23\\u0e37\\u0e48\\u0e2d\\u0e07\\u0e14\\u0e39\\u0e14\\u0e1d\\u0e38\\u0e48\\u0e19 \\u0e41\\u0e1a\\u0e1a\\u0e16\\u0e38\\u0e07\"}}, {\"added\": {\"name\": \"ProductImage\", \"object\": \"\\u0e40\\u0e04\\u0e23\\u0e37\\u0e48\\u0e2d\\u0e07\\u0e14\\u0e39\\u0e14\\u0e1d\\u0e38\\u0e48\\u0e19 \\u0e41\\u0e1a\\u0e1a\\u0e16\\u0e38\\u0e07\"}}]"}}, {"model": "admin.logentry", "pk": 17, "fields": {"action_time": "2021-07-28T11:22:18.030Z", "user": 1, "content_type": 11, "object_id": "9", "object_repr": "ไดร์เป่าผม PHILIPS", "action_flag": 1, "change_message": "[{\"added\": {}}, {\"added\": {\"name\": \"ProductImage\", \"object\": \"\\u0e44\\u0e14\\u0e23\\u0e4c\\u0e40\\u0e1b\\u0e48\\u0e32\\u0e1c\\u0e21 PHILIPS\"}}, {\"added\": {\"name\": \"ProductImage\", \"object\": \"\\u0e44\\u0e14\\u0e23\\u0e4c\\u0e40\\u0e1b\\u0e48\\u0e32\\u0e1c\\u0e21 PHILIPS\"}}, {\"added\": {\"name\": \"ProductImage\", \"object\": \"\\u0e44\\u0e14\\u0e23\\u0e4c\\u0e40\\u0e1b\\u0e48\\u0e32\\u0e1c\\u0e21 PHILIPS\"}}, {\"added\": {\"name\": \"ProductImage\", \"object\": \"\\u0e44\\u0e14\\u0e23\\u0e4c\\u0e40\\u0e1b\\u0e48\\u0e32\\u0e1c\\u0e21 PHILIPS\"}}]"}}, {"model": "admin.logentry", "pk": 18, "fields": {"action_time": "2021-07-28T11:25:01.196Z", "user": 1, "content_type": 11, "object_id": "10", "object_repr": "เครื่องปรับอากาศ CARRIER", "action_flag": 1, "change_message": "[{\"added\": {}}, {\"added\": {\"name\": \"ProductImage\", \"object\": \"\\u0e40\\u0e04\\u0e23\\u0e37\\u0e48\\u0e2d\\u0e07\\u0e1b\\u0e23\\u0e31\\u0e1a\\u0e2d\\u0e32\\u0e01\\u0e32\\u0e28 CARRIER\"}}, {\"added\": {\"name\": \"ProductImage\", \"object\": \"\\u0e40\\u0e04\\u0e23\\u0e37\\u0e48\\u0e2d\\u0e07\\u0e1b\\u0e23\\u0e31\\u0e1a\\u0e2d\\u0e32\\u0e01\\u0e32\\u0e28 CARRIER\"}}, {\"added\": {\"name\": \"ProductImage\", \"object\": \"\\u0e40\\u0e04\\u0e23\\u0e37\\u0e48\\u0e2d\\u0e07\\u0e1b\\u0e23\\u0e31\\u0e1a\\u0e2d\\u0e32\\u0e01\\u0e32\\u0e28 CARRIER\"}}, {\"added\": {\"name\": \"ProductImage\", \"object\": \"\\u0e40\\u0e04\\u0e23\\u0e37\\u0e48\\u0e2d\\u0e07\\u0e1b\\u0e23\\u0e31\\u0e1a\\u0e2d\\u0e32\\u0e01\\u0e32\\u0e28 CARRIER\"}}]"}}, {"model": "admin.logentry", "pk": 19, "fields": {"action_time": "2021-07-28T11:29:41.842Z", "user": 1, "content_type": 11, "object_id": "11", "object_repr": "เครื่องปรับอากาศ MITSUBISHI", "action_flag": 1, "change_message": "[{\"added\": {}}, {\"added\": {\"name\": \"ProductImage\", \"object\": \"\\u0e40\\u0e04\\u0e23\\u0e37\\u0e48\\u0e2d\\u0e07\\u0e1b\\u0e23\\u0e31\\u0e1a\\u0e2d\\u0e32\\u0e01\\u0e32\\u0e28 MITSUBISHI\"}}, {\"added\": {\"name\": \"ProductImage\", \"object\": \"\\u0e40\\u0e04\\u0e23\\u0e37\\u0e48\\u0e2d\\u0e07\\u0e1b\\u0e23\\u0e31\\u0e1a\\u0e2d\\u0e32\\u0e01\\u0e32\\u0e28 MITSUBISHI\"}}, {\"added\": {\"name\": \"ProductImage\", \"object\": \"\\u0e40\\u0e04\\u0e23\\u0e37\\u0e48\\u0e2d\\u0e07\\u0e1b\\u0e23\\u0e31\\u0e1a\\u0e2d\\u0e32\\u0e01\\u0e32\\u0e28 MITSUBISHI\"}}, {\"added\": {\"name\": \"ProductImage\", \"object\": \"\\u0e40\\u0e04\\u0e23\\u0e37\\u0e48\\u0e2d\\u0e07\\u0e1b\\u0e23\\u0e31\\u0e1a\\u0e2d\\u0e32\\u0e01\\u0e32\\u0e28 MITSUBISHI\"}}]"}}, {"model": "admin.logentry", "pk": 20, "fields": {"action_time": "2021-07-28T11:31:20.783Z", "user": 1, "content_type": 11, "object_id": "12", "object_repr": "เครื่องปรับอากาศ HITACHI", "action_flag": 1, "change_message": "[{\"added\": {}}, {\"added\": {\"name\": \"ProductImage\", \"object\": \"\\u0e40\\u0e04\\u0e23\\u0e37\\u0e48\\u0e2d\\u0e07\\u0e1b\\u0e23\\u0e31\\u0e1a\\u0e2d\\u0e32\\u0e01\\u0e32\\u0e28 HITACHI\"}}, {\"added\": {\"name\": \"ProductImage\", \"object\": \"\\u0e40\\u0e04\\u0e23\\u0e37\\u0e48\\u0e2d\\u0e07\\u0e1b\\u0e23\\u0e31\\u0e1a\\u0e2d\\u0e32\\u0e01\\u0e32\\u0e28 HITACHI\"}}, {\"added\": {\"name\": \"ProductImage\", \"object\": \"\\u0e40\\u0e04\\u0e23\\u0e37\\u0e48\\u0e2d\\u0e07\\u0e1b\\u0e23\\u0e31\\u0e1a\\u0e2d\\u0e32\\u0e01\\u0e32\\u0e28 HITACHI\"}}, {\"added\": {\"name\": \"ProductImage\", \"object\": \"\\u0e40\\u0e04\\u0e23\\u0e37\\u0e48\\u0e2d\\u0e07\\u0e1b\\u0e23\\u0e31\\u0e1a\\u0e2d\\u0e32\\u0e01\\u0e32\\u0e28 HITACHI\"}}]"}}, {"model": "admin.logentry", "pk": 21, "fields": {"action_time": "2021-07-28T11:33:23.009Z", "user": 1, "content_type": 11, "object_id": "13", "object_repr": "TCL", "action_flag": 1, "change_message": "[{\"added\": {}}, {\"added\": {\"name\": \"ProductImage\", \"object\": \"TCL\"}}, {\"added\": {\"name\": \"ProductImage\", \"object\": \"TCL\"}}, {\"added\": {\"name\": \"ProductImage\", \"object\": \"TCL\"}}]"}}, {"model": "admin.logentry", "pk": 22, "fields": {"action_time": "2021-07-28T11:35:00.022Z", "user": 1, "content_type": 11, "object_id": "14", "object_repr": "ACONATIC", "action_flag": 1, "change_message": "[{\"added\": {}}, {\"added\": {\"name\": \"ProductImage\", \"object\": \"ACONATIC\"}}, {\"added\": {\"name\": \"ProductImage\", \"object\": \"ACONATIC\"}}, {\"added\": {\"name\": \"ProductImage\", \"object\": \"ACONATIC\"}}, {\"added\": {\"name\": \"ProductImage\", \"object\": \"ACONATIC\"}}]"}}, {"model": "admin.logentry", "pk": 23, "fields": {"action_time": "2021-07-28T11:36:42.145Z", "user": 1, "content_type": 11, "object_id": "15", "object_repr": "TCL", "action_flag": 1, "change_message": "[{\"added\": {}}, {\"added\": {\"name\": \"ProductImage\", \"object\": \"TCL\"}}, {\"added\": {\"name\": \"ProductImage\", \"object\": \"TCL\"}}, {\"added\": {\"name\": \"ProductImage\", \"object\": \"TCL\"}}, {\"added\": {\"name\": \"ProductImage\", \"object\": \"TCL\"}}]"}}, {"model": "admin.logentry", "pk": 24, "fields": {"action_time": "2021-07-28T11:43:31.530Z", "user": 1, "content_type": 11, "object_id": "16", "object_repr": "PHILIPS", "action_flag": 1, "change_message": "[{\"added\": {}}, {\"added\": {\"name\": \"ProductImage\", \"object\": \"PHILIPS\"}}, {\"added\": {\"name\": \"ProductImage\", \"object\": \"PHILIPS\"}}, {\"added\": {\"name\": \"ProductImage\", \"object\": \"PHILIPS\"}}, {\"added\": {\"name\": \"ProductImage\", \"object\": \"PHILIPS\"}}]"}}, {"model": "admin.logentry", "pk": 25, "fields": {"action_time": "2021-07-28T11:44:53.027Z", "user": 1, "content_type": 11, "object_id": "17", "object_repr": "SHARP", "action_flag": 1, "change_message": "[{\"added\": {}}, {\"added\": {\"name\": \"ProductImage\", \"object\": \"SHARP\"}}, {\"added\": {\"name\": \"ProductImage\", \"object\": \"SHARP\"}}, {\"added\": {\"name\": \"ProductImage\", \"object\": \"SHARP\"}}, {\"added\": {\"name\": \"ProductImage\", \"object\": \"SHARP\"}}]"}}, {"model": "admin.logentry", "pk": 26, "fields": {"action_time": "2021-07-28T11:46:36.431Z", "user": 1, "content_type": 11, "object_id": "18", "object_repr": "PHILIPS", "action_flag": 1, "change_message": "[{\"added\": {}}, {\"added\": {\"name\": \"ProductImage\", \"object\": \"PHILIPS\"}}, {\"added\": {\"name\": \"ProductImage\", \"object\": \"PHILIPS\"}}, {\"added\": {\"name\": \"ProductImage\", \"object\": \"PHILIPS\"}}, {\"added\": {\"name\": \"ProductImage\", \"object\": \"PHILIPS\"}}]"}}, {"model": "admin.logentry", "pk": 27, "fields": {"action_time": "2021-07-28T11:48:15.264Z", "user": 1, "content_type": 11, "object_id": "19", "object_repr": "ตู้เย็นมินิบาร์ BEKO", "action_flag": 1, "change_message": "[{\"added\": {}}, {\"added\": {\"name\": \"ProductImage\", \"object\": \"\\u0e15\\u0e39\\u0e49\\u0e40\\u0e22\\u0e47\\u0e19\\u0e21\\u0e34\\u0e19\\u0e34\\u0e1a\\u0e32\\u0e23\\u0e4c BEKO\"}}, {\"added\": {\"name\": \"ProductImage\", \"object\": \"\\u0e15\\u0e39\\u0e49\\u0e40\\u0e22\\u0e47\\u0e19\\u0e21\\u0e34\\u0e19\\u0e34\\u0e1a\\u0e32\\u0e23\\u0e4c BEKO\"}}]"}}, {"model": "admin.logentry", "pk": 28, "fields": {"action_time": "2021-07-28T11:49:26.465Z", "user": 1, "content_type": 11, "object_id": "20", "object_repr": "ตู้เย็นมินิบาร์ TOSHIBA", "action_flag": 1, "change_message": "[{\"added\": {}}, {\"added\": {\"name\": \"ProductImage\", \"object\": \"\\u0e15\\u0e39\\u0e49\\u0e40\\u0e22\\u0e47\\u0e19\\u0e21\\u0e34\\u0e19\\u0e34\\u0e1a\\u0e32\\u0e23\\u0e4c TOSHIBA\"}}, {\"added\": {\"name\": \"ProductImage\", \"object\": \"\\u0e15\\u0e39\\u0e49\\u0e40\\u0e22\\u0e47\\u0e19\\u0e21\\u0e34\\u0e19\\u0e34\\u0e1a\\u0e32\\u0e23\\u0e4c TOSHIBA\"}}, {\"added\": {\"name\": \"ProductImage\", \"object\": \"\\u0e15\\u0e39\\u0e49\\u0e40\\u0e22\\u0e47\\u0e19\\u0e21\\u0e34\\u0e19\\u0e34\\u0e1a\\u0e32\\u0e23\\u0e4c TOSHIBA\"}}]"}}, {"model": "admin.logentry", "pk": 29, "fields": {"action_time": "2021-07-28T11:51:33.814Z", "user": 1, "content_type": 11, "object_id": "21", "object_repr": "ตู้เย็น 1 ประตู MITSUBISHI", "action_flag": 1, "change_message": "[{\"added\": {}}, {\"added\": {\"name\": \"ProductImage\", \"object\": \"\\u0e15\\u0e39\\u0e49\\u0e40\\u0e22\\u0e47\\u0e19 1 \\u0e1b\\u0e23\\u0e30\\u0e15\\u0e39 MITSUBISHI\"}}, {\"added\": {\"name\": \"ProductImage\", \"object\": \"\\u0e15\\u0e39\\u0e49\\u0e40\\u0e22\\u0e47\\u0e19 1 \\u0e1b\\u0e23\\u0e30\\u0e15\\u0e39 MITSUBISHI\"}}, {\"added\": {\"name\": \"ProductImage\", \"object\": \"\\u0e15\\u0e39\\u0e49\\u0e40\\u0e22\\u0e47\\u0e19 1 \\u0e1b\\u0e23\\u0e30\\u0e15\\u0e39 MITSUBISHI\"}}]"}}, {"model": "admin.logentry", "pk": 30, "fields": {"action_time": "2021-07-28T11:52:44.391Z", "user": 1, "content_type": 11, "object_id": "22", "object_repr": "ตู้เย็น 1 ประตู Haier", "action_flag": 1, "change_message": "[{\"added\": {}}, {\"added\": {\"name\": \"ProductImage\", \"object\": \"\\u0e15\\u0e39\\u0e49\\u0e40\\u0e22\\u0e47\\u0e19 1 \\u0e1b\\u0e23\\u0e30\\u0e15\\u0e39 Haier\"}}, {\"added\": {\"name\": \"ProductImage\", \"object\": \"\\u0e15\\u0e39\\u0e49\\u0e40\\u0e22\\u0e47\\u0e19 1 \\u0e1b\\u0e23\\u0e30\\u0e15\\u0e39 Haier\"}}, {\"added\": {\"name\": \"ProductImage\", \"object\": \"\\u0e15\\u0e39\\u0e49\\u0e40\\u0e22\\u0e47\\u0e19 1 \\u0e1b\\u0e23\\u0e30\\u0e15\\u0e39 Haier\"}}, {\"added\": {\"name\": \"ProductImage\", \"object\": \"\\u0e15\\u0e39\\u0e49\\u0e40\\u0e22\\u0e47\\u0e19 1 \\u0e1b\\u0e23\\u0e30\\u0e15\\u0e39 Haier\"}}]"}}, {"model": "admin.logentry", "pk": 31, "fields": {"action_time": "2021-07-28T11:54:54.598Z", "user": 1, "content_type": 11, "object_id": "23", "object_repr": "ตู้แช่แข็งฝาทึบ HAIER", "action_flag": 1, "change_message": "[{\"added\": {}}, {\"added\": {\"name\": \"ProductImage\", \"object\": \"\\u0e15\\u0e39\\u0e49\\u0e41\\u0e0a\\u0e48\\u0e41\\u0e02\\u0e47\\u0e07\\u0e1d\\u0e32\\u0e17\\u0e36\\u0e1a HAIER\"}}, {\"added\": {\"name\": \"ProductImage\", \"object\": \"\\u0e15\\u0e39\\u0e49\\u0e41\\u0e0a\\u0e48\\u0e41\\u0e02\\u0e47\\u0e07\\u0e1d\\u0e32\\u0e17\\u0e36\\u0e1a HAIER\"}}, {\"added\": {\"name\": \"ProductImage\", \"object\": \"\\u0e15\\u0e39\\u0e49\\u0e41\\u0e0a\\u0e48\\u0e41\\u0e02\\u0e47\\u0e07\\u0e1d\\u0e32\\u0e17\\u0e36\\u0e1a HAIER\"}}, {\"added\": {\"name\": \"ProductImage\", \"object\": \"\\u0e15\\u0e39\\u0e49\\u0e41\\u0e0a\\u0e48\\u0e41\\u0e02\\u0e47\\u0e07\\u0e1d\\u0e32\\u0e17\\u0e36\\u0e1a HAIER\"}}]"}}, {"model": "admin.logentry", "pk": 32, "fields": {"action_time": "2021-07-28T11:56:27.750Z", "user": 1, "content_type": 11, "object_id": "24", "object_repr": "ตู้ทำน้ำเย็น SHARP", "action_flag": 1, "change_message": "[{\"added\": {}}, {\"added\": {\"name\": \"ProductImage\", \"object\": \"\\u0e15\\u0e39\\u0e49\\u0e17\\u0e33\\u0e19\\u0e49\\u0e33\\u0e40\\u0e22\\u0e47\\u0e19 SHARP\"}}, {\"added\": {\"name\": \"ProductImage\", \"object\": \"\\u0e15\\u0e39\\u0e49\\u0e17\\u0e33\\u0e19\\u0e49\\u0e33\\u0e40\\u0e22\\u0e47\\u0e19 SHARP\"}}, {\"added\": {\"name\": \"ProductImage\", \"object\": \"\\u0e15\\u0e39\\u0e49\\u0e17\\u0e33\\u0e19\\u0e49\\u0e33\\u0e40\\u0e22\\u0e47\\u0e19 SHARP\"}}, {\"added\": {\"name\": \"ProductImage\", \"object\": \"\\u0e15\\u0e39\\u0e49\\u0e17\\u0e33\\u0e19\\u0e49\\u0e33\\u0e40\\u0e22\\u0e47\\u0e19 SHARP\"}}]"}}, {"model": "admin.logentry", "pk": 33, "fields": {"action_time": "2021-07-28T11:57:47.746Z", "user": 1, "content_type": 11, "object_id": "25", "object_repr": "ตู้ทำน้ำเย็น 2 หัว TOSHIBA", "action_flag": 1, "change_message": "[{\"added\": {}}, {\"added\": {\"name\": \"ProductImage\", \"object\": \"\\u0e15\\u0e39\\u0e49\\u0e17\\u0e33\\u0e19\\u0e49\\u0e33\\u0e40\\u0e22\\u0e47\\u0e19 2 \\u0e2b\\u0e31\\u0e27 TOSHIBA\"}}, {\"added\": {\"name\": \"ProductImage\", \"object\": \"\\u0e15\\u0e39\\u0e49\\u0e17\\u0e33\\u0e19\\u0e49\\u0e33\\u0e40\\u0e22\\u0e47\\u0e19 2 \\u0e2b\\u0e31\\u0e27 TOSHIBA\"}}, {\"added\": {\"name\": \"ProductImage\", \"object\": \"\\u0e15\\u0e39\\u0e49\\u0e17\\u0e33\\u0e19\\u0e49\\u0e33\\u0e40\\u0e22\\u0e47\\u0e19 2 \\u0e2b\\u0e31\\u0e27 TOSHIBA\"}}, {\"added\": {\"name\": \"ProductImage\", \"object\": \"\\u0e15\\u0e39\\u0e49\\u0e17\\u0e33\\u0e19\\u0e49\\u0e33\\u0e40\\u0e22\\u0e47\\u0e19 2 \\u0e2b\\u0e31\\u0e27 TOSHIBA\"}}]"}}, {"model": "admin.logentry", "pk": 34, "fields": {"action_time": "2021-07-28T11:59:51.607Z", "user": 1, "content_type": 11, "object_id": "26", "object_repr": "PAUL TIGER", "action_flag": 1, "change_message": "[{\"added\": {}}, {\"added\": {\"name\": \"ProductImage\", \"object\": \"PAUL TIGER\"}}, {\"added\": {\"name\": \"ProductImage\", \"object\": \"PAUL TIGER\"}}, {\"added\": {\"name\": \"ProductImage\", \"object\": \"PAUL TIGER\"}}, {\"added\": {\"name\": \"ProductImage\", \"object\": \"PAUL TIGER\"}}]"}}, {"model": "admin.logentry", "pk": 35, "fields": {"action_time": "2021-07-28T12:02:02.542Z", "user": 1, "content_type": 11, "object_id": "27", "object_repr": "เครื่องซักผ้าฝาบน TOSHIBA", "action_flag": 1, "change_message": "[{\"added\": {}}, {\"added\": {\"name\": \"ProductImage\", \"object\": \"\\u0e40\\u0e04\\u0e23\\u0e37\\u0e48\\u0e2d\\u0e07\\u0e0b\\u0e31\\u0e01\\u0e1c\\u0e49\\u0e32\\u0e1d\\u0e32\\u0e1a\\u0e19 TOSHIBA\"}}]"}}, {"model": "admin.logentry", "pk": 36, "fields": {"action_time": "2021-07-28T12:04:07.192Z", "user": 1, "content_type": 11, "object_id": "27", "object_repr": "เครื่องซักผ้าฝาบน TOSHIBA", "action_flag": 2, "change_message": "[{\"changed\": {\"fields\": [\"Headshot\"]}}, {\"added\": {\"name\": \"ProductImage\", \"object\": \"\\u0e40\\u0e04\\u0e23\\u0e37\\u0e48\\u0e2d\\u0e07\\u0e0b\\u0e31\\u0e01\\u0e1c\\u0e49\\u0e32\\u0e1d\\u0e32\\u0e1a\\u0e19 TOSHIBA\"}}, {\"added\": {\"name\": \"ProductImage\", \"object\": \"\\u0e40\\u0e04\\u0e23\\u0e37\\u0e48\\u0e2d\\u0e07\\u0e0b\\u0e31\\u0e01\\u0e1c\\u0e49\\u0e32\\u0e1d\\u0e32\\u0e1a\\u0e19 TOSHIBA\"}}, {\"added\": {\"name\": \"ProductImage\", \"object\": \"\\u0e40\\u0e04\\u0e23\\u0e37\\u0e48\\u0e2d\\u0e07\\u0e0b\\u0e31\\u0e01\\u0e1c\\u0e49\\u0e32\\u0e1d\\u0e32\\u0e1a\\u0e19 TOSHIBA\"}}, {\"changed\": {\"name\": \"ProductImage\", \"object\": \"\\u0e40\\u0e04\\u0e23\\u0e37\\u0e48\\u0e2d\\u0e07\\u0e0b\\u0e31\\u0e01\\u0e1c\\u0e49\\u0e32\\u0e1d\\u0e32\\u0e1a\\u0e19 TOSHIBA\", \"fields\": [\"Headshot\"]}}]"}}, {"model": "admin.logentry", "pk": 37, "fields": {"action_time": "2021-07-28T12:05:21.524Z", "user": 1, "content_type": 11, "object_id": "28", "object_repr": "เครื่องซักผ้าฝาบน HAIER", "action_flag": 1, "change_message": "[{\"added\": {}}, {\"added\": {\"name\": \"ProductImage\", \"object\": \"\\u0e40\\u0e04\\u0e23\\u0e37\\u0e48\\u0e2d\\u0e07\\u0e0b\\u0e31\\u0e01\\u0e1c\\u0e49\\u0e32\\u0e1d\\u0e32\\u0e1a\\u0e19 HAIER\"}}, {\"added\": {\"name\": \"ProductImage\", \"object\": \"\\u0e40\\u0e04\\u0e23\\u0e37\\u0e48\\u0e2d\\u0e07\\u0e0b\\u0e31\\u0e01\\u0e1c\\u0e49\\u0e32\\u0e1d\\u0e32\\u0e1a\\u0e19 HAIER\"}}, {\"added\": {\"name\": \"ProductImage\", \"object\": \"\\u0e40\\u0e04\\u0e23\\u0e37\\u0e48\\u0e2d\\u0e07\\u0e0b\\u0e31\\u0e01\\u0e1c\\u0e49\\u0e32\\u0e1d\\u0e32\\u0e1a\\u0e19 HAIER\"}}, {\"added\": {\"name\": \"ProductImage\", \"object\": \"\\u0e40\\u0e04\\u0e23\\u0e37\\u0e48\\u0e2d\\u0e07\\u0e0b\\u0e31\\u0e01\\u0e1c\\u0e49\\u0e32\\u0e1d\\u0e32\\u0e1a\\u0e19 HAIER\"}}]"}}, {"model": "admin.logentry", "pk": 38, "fields": {"action_time": "2021-07-28T12:06:53.905Z", "user": 1, "content_type": 11, "object_id": "29", "object_repr": "เครื่องซักผ้าฝาบน PANASONIC", "action_flag": 1, "change_message": "[{\"added\": {}}, {\"added\": {\"name\": \"ProductImage\", \"object\": \"\\u0e40\\u0e04\\u0e23\\u0e37\\u0e48\\u0e2d\\u0e07\\u0e0b\\u0e31\\u0e01\\u0e1c\\u0e49\\u0e32\\u0e1d\\u0e32\\u0e1a\\u0e19 PANASONIC\"}}, {\"added\": {\"name\": \"ProductImage\", \"object\": \"\\u0e40\\u0e04\\u0e23\\u0e37\\u0e48\\u0e2d\\u0e07\\u0e0b\\u0e31\\u0e01\\u0e1c\\u0e49\\u0e32\\u0e1d\\u0e32\\u0e1a\\u0e19 PANASONIC\"}}, {\"added\": {\"name\": \"ProductImage\", \"object\": \"\\u0e40\\u0e04\\u0e23\\u0e37\\u0e48\\u0e2d\\u0e07\\u0e0b\\u0e31\\u0e01\\u0e1c\\u0e49\\u0e32\\u0e1d\\u0e32\\u0e1a\\u0e19 PANASONIC\"}}, {\"added\": {\"name\": \"ProductImage\", \"object\": \"\\u0e40\\u0e04\\u0e23\\u0e37\\u0e48\\u0e2d\\u0e07\\u0e0b\\u0e31\\u0e01\\u0e1c\\u0e49\\u0e32\\u0e1d\\u0e32\\u0e1a\\u0e19 PANASONIC\"}}]"}}, {"model": "admin.logentry", "pk": 39, "fields": {"action_time": "2021-07-28T12:08:07.290Z", "user": 1, "content_type": 11, "object_id": "30", "object_repr": "เครื่องซักผ้าฝาบน LG", "action_flag": 1, "change_message": "[{\"added\": {}}, {\"added\": {\"name\": \"ProductImage\", \"object\": \"\\u0e40\\u0e04\\u0e23\\u0e37\\u0e48\\u0e2d\\u0e07\\u0e0b\\u0e31\\u0e01\\u0e1c\\u0e49\\u0e32\\u0e1d\\u0e32\\u0e1a\\u0e19 LG\"}}, {\"added\": {\"name\": \"ProductImage\", \"object\": \"\\u0e40\\u0e04\\u0e23\\u0e37\\u0e48\\u0e2d\\u0e07\\u0e0b\\u0e31\\u0e01\\u0e1c\\u0e49\\u0e32\\u0e1d\\u0e32\\u0e1a\\u0e19 LG\"}}, {\"added\": {\"name\": \"ProductImage\", \"object\": \"\\u0e40\\u0e04\\u0e23\\u0e37\\u0e48\\u0e2d\\u0e07\\u0e0b\\u0e31\\u0e01\\u0e1c\\u0e49\\u0e32\\u0e1d\\u0e32\\u0e1a\\u0e19 LG\"}}, {\"added\": {\"name\": \"ProductImage\", \"object\": \"\\u0e40\\u0e04\\u0e23\\u0e37\\u0e48\\u0e2d\\u0e07\\u0e0b\\u0e31\\u0e01\\u0e1c\\u0e49\\u0e32\\u0e1d\\u0e32\\u0e1a\\u0e19 LG\"}}]"}}, {"model": "admin.logentry", "pk": 40, "fields": {"action_time": "2021-07-28T12:09:32.141Z", "user": 1, "content_type": 11, "object_id": "31", "object_repr": "เครื่องซักผ้าฝาบน HITACHI", "action_flag": 1, "change_message": "[{\"added\": {}}, {\"added\": {\"name\": \"ProductImage\", \"object\": \"\\u0e40\\u0e04\\u0e23\\u0e37\\u0e48\\u0e2d\\u0e07\\u0e0b\\u0e31\\u0e01\\u0e1c\\u0e49\\u0e32\\u0e1d\\u0e32\\u0e1a\\u0e19 HITACHI\"}}, {\"added\": {\"name\": \"ProductImage\", \"object\": \"\\u0e40\\u0e04\\u0e23\\u0e37\\u0e48\\u0e2d\\u0e07\\u0e0b\\u0e31\\u0e01\\u0e1c\\u0e49\\u0e32\\u0e1d\\u0e32\\u0e1a\\u0e19 HITACHI\"}}, {\"added\": {\"name\": \"ProductImage\", \"object\": \"\\u0e40\\u0e04\\u0e23\\u0e37\\u0e48\\u0e2d\\u0e07\\u0e0b\\u0e31\\u0e01\\u0e1c\\u0e49\\u0e32\\u0e1d\\u0e32\\u0e1a\\u0e19 HITACHI\"}}, {\"added\": {\"name\": \"ProductImage\", \"object\": \"\\u0e40\\u0e04\\u0e23\\u0e37\\u0e48\\u0e2d\\u0e07\\u0e0b\\u0e31\\u0e01\\u0e1c\\u0e49\\u0e32\\u0e1d\\u0e32\\u0e1a\\u0e19 HITACHI\"}}]"}}, {"model": "admin.logentry", "pk": 41, "fields": {"action_time": "2021-07-28T12:10:43.792Z", "user": 1, "content_type": 11, "object_id": "32", "object_repr": "เครื่องซักผ้าฝาบน BEKO", "action_flag": 1, "change_message": "[{\"added\": {}}, {\"added\": {\"name\": \"ProductImage\", \"object\": \"\\u0e40\\u0e04\\u0e23\\u0e37\\u0e48\\u0e2d\\u0e07\\u0e0b\\u0e31\\u0e01\\u0e1c\\u0e49\\u0e32\\u0e1d\\u0e32\\u0e1a\\u0e19 BEKO\"}}, {\"added\": {\"name\": \"ProductImage\", \"object\": \"\\u0e40\\u0e04\\u0e23\\u0e37\\u0e48\\u0e2d\\u0e07\\u0e0b\\u0e31\\u0e01\\u0e1c\\u0e49\\u0e32\\u0e1d\\u0e32\\u0e1a\\u0e19 BEKO\"}}, {\"added\": {\"name\": \"ProductImage\", \"object\": \"\\u0e40\\u0e04\\u0e23\\u0e37\\u0e48\\u0e2d\\u0e07\\u0e0b\\u0e31\\u0e01\\u0e1c\\u0e49\\u0e32\\u0e1d\\u0e32\\u0e1a\\u0e19 BEKO\"}}, {\"added\": {\"name\": \"ProductImage\", \"object\": \"\\u0e40\\u0e04\\u0e23\\u0e37\\u0e48\\u0e2d\\u0e07\\u0e0b\\u0e31\\u0e01\\u0e1c\\u0e49\\u0e32\\u0e1d\\u0e32\\u0e1a\\u0e19 BEKO\"}}]"}}, {"model": "admin.logentry", "pk": 42, "fields": {"action_time": "2021-07-28T12:12:16.613Z", "user": 1, "content_type": 11, "object_id": "33", "object_repr": "เครื่องซักผ้าฝาบน SAMSUNG", "action_flag": 1, "change_message": "[{\"added\": {}}, {\"added\": {\"name\": \"ProductImage\", \"object\": \"\\u0e40\\u0e04\\u0e23\\u0e37\\u0e48\\u0e2d\\u0e07\\u0e0b\\u0e31\\u0e01\\u0e1c\\u0e49\\u0e32\\u0e1d\\u0e32\\u0e1a\\u0e19 SAMSUNG\"}}, {\"added\": {\"name\": \"ProductImage\", \"object\": \"\\u0e40\\u0e04\\u0e23\\u0e37\\u0e48\\u0e2d\\u0e07\\u0e0b\\u0e31\\u0e01\\u0e1c\\u0e49\\u0e32\\u0e1d\\u0e32\\u0e1a\\u0e19 SAMSUNG\"}}, {\"added\": {\"name\": \"ProductImage\", \"object\": \"\\u0e40\\u0e04\\u0e23\\u0e37\\u0e48\\u0e2d\\u0e07\\u0e0b\\u0e31\\u0e01\\u0e1c\\u0e49\\u0e32\\u0e1d\\u0e32\\u0e1a\\u0e19 SAMSUNG\"}}, {\"added\": {\"name\": \"ProductImage\", \"object\": \"\\u0e40\\u0e04\\u0e23\\u0e37\\u0e48\\u0e2d\\u0e07\\u0e0b\\u0e31\\u0e01\\u0e1c\\u0e49\\u0e32\\u0e1d\\u0e32\\u0e1a\\u0e19 SAMSUNG\"}}]"}}, {"model": "admin.logentry", "pk": 43, "fields": {"action_time": "2021-07-28T12:14:45.046Z", "user": 1, "content_type": 11, "object_id": "34", "object_repr": "HAIER Smart TV", "action_flag": 1, "change_message": "[{\"added\": {}}, {\"added\": {\"name\": \"ProductImage\", \"object\": \"HAIER Smart TV\"}}, {\"added\": {\"name\": \"ProductImage\", \"object\": \"HAIER Smart TV\"}}, {\"added\": {\"name\": \"ProductImage\", \"object\": \"HAIER Smart TV\"}}, {\"added\": {\"name\": \"ProductImage\", \"object\": \"HAIER Smart TV\"}}]"}}, {"model": "admin.logentry", "pk": 44, "fields": {"action_time": "2021-07-28T12:16:21.915Z", "user": 1, "content_type": 11, "object_id": "35", "object_repr": "ทีวี HD LED TCL", "action_flag": 1, "change_message": "[{\"added\": {}}, {\"added\": {\"name\": \"ProductImage\", \"object\": \"\\u0e17\\u0e35\\u0e27\\u0e35 HD LED TCL\"}}, {\"added\": {\"name\": \"ProductImage\", \"object\": \"\\u0e17\\u0e35\\u0e27\\u0e35 HD LED TCL\"}}, {\"added\": {\"name\": \"ProductImage\", \"object\": \"\\u0e17\\u0e35\\u0e27\\u0e35 HD LED TCL\"}}, {\"added\": {\"name\": \"ProductImage\", \"object\": \"\\u0e17\\u0e35\\u0e27\\u0e35 HD LED TCL\"}}]"}}, {"model": "admin.logentry", "pk": 45, "fields": {"action_time": "2021-07-28T12:17:48.096Z", "user": 1, "content_type": 11, "object_id": "36", "object_repr": "ACONATIC", "action_flag": 1, "change_message": "[{\"added\": {}}, {\"added\": {\"name\": \"ProductImage\", \"object\": \"ACONATIC\"}}, {\"added\": {\"name\": \"ProductImage\", \"object\": \"ACONATIC\"}}, {\"added\": {\"name\": \"ProductImage\", \"object\": \"ACONATIC\"}}, {\"added\": {\"name\": \"ProductImage\", \"object\": \"ACONATIC\"}}, {\"added\": {\"name\": \"ProductImage\", \"object\": \"ACONATIC\"}}]"}}, {"model": "admin.logentry", "pk": 46, "fields": {"action_time": "2021-07-28T12:19:26.423Z", "user": 1, "content_type": 11, "object_id": "37", "object_repr": "LG", "action_flag": 1, "change_message": "[{\"added\": {}}, {\"added\": {\"name\": \"ProductImage\", \"object\": \"LG\"}}, {\"added\": {\"name\": \"ProductImage\", \"object\": \"LG\"}}, {\"added\": {\"name\": \"ProductImage\", \"object\": \"LG\"}}, {\"added\": {\"name\": \"ProductImage\", \"object\": \"LG\"}}]"}}, {"model": "admin.logentry", "pk": 47, "fields": {"action_time": "2021-07-28T12:21:16.168Z", "user": 1, "content_type": 11, "object_id": "38", "object_repr": "SAMSUNG", "action_flag": 1, "change_message": "[{\"added\": {}}, {\"added\": {\"name\": \"ProductImage\", \"object\": \"SAMSUNG\"}}, {\"added\": {\"name\": \"ProductImage\", \"object\": \"SAMSUNG\"}}, {\"added\": {\"name\": \"ProductImage\", \"object\": \"SAMSUNG\"}}, {\"added\": {\"name\": \"ProductImage\", \"object\": \"SAMSUNG\"}}, {\"added\": {\"name\": \"ProductImage\", \"object\": \"SAMSUNG\"}}]"}}, {"model": "admin.logentry", "pk": 48, "fields": {"action_time": "2021-07-28T12:23:02.025Z", "user": 1, "content_type": 11, "object_id": "39", "object_repr": "SHARP", "action_flag": 1, "change_message": "[{\"added\": {}}, {\"added\": {\"name\": \"ProductImage\", \"object\": \"SHARP\"}}, {\"added\": {\"name\": \"ProductImage\", \"object\": \"SHARP\"}}, {\"added\": {\"name\": \"ProductImage\", \"object\": \"SHARP\"}}, {\"added\": {\"name\": \"ProductImage\", \"object\": \"SHARP\"}}]"}}, {"model": "admin.logentry", "pk": 49, "fields": {"action_time": "2021-07-28T12:24:23.287Z", "user": 1, "content_type": 11, "object_id": "40", "object_repr": "MAZUMA", "action_flag": 1, "change_message": "[{\"added\": {}}, {\"added\": {\"name\": \"ProductImage\", \"object\": \"MAZUMA\"}}, {\"added\": {\"name\": \"ProductImage\", \"object\": \"MAZUMA\"}}, {\"added\": {\"name\": \"ProductImage\", \"object\": \"MAZUMA\"}}, {\"added\": {\"name\": \"ProductImage\", \"object\": \"MAZUMA\"}}]"}}, {"model": "admin.logentry", "pk": 50, "fields": {"action_time": "2021-07-28T12:26:01.935Z", "user": 1, "content_type": 11, "object_id": "41", "object_repr": "PANASONIC", "action_flag": 1, "change_message": "[{\"added\": {}}, {\"added\": {\"name\": \"ProductImage\", \"object\": \"PANASONIC\"}}, {\"added\": {\"name\": \"ProductImage\", \"object\": \"PANASONIC\"}}, {\"added\": {\"name\": \"ProductImage\", \"object\": \"PANASONIC\"}}, {\"added\": {\"name\": \"ProductImage\", \"object\": \"PANASONIC\"}}]"}}, {"model": "admin.logentry", "pk": 51, "fields": {"action_time": "2021-07-28T12:27:25.224Z", "user": 1, "content_type": 11, "object_id": "42", "object_repr": "RINNAI", "action_flag": 1, "change_message": "[{\"added\": {}}, {\"added\": {\"name\": \"ProductImage\", \"object\": \"RINNAI\"}}, {\"added\": {\"name\": \"ProductImage\", \"object\": \"RINNAI\"}}, {\"added\": {\"name\": \"ProductImage\", \"object\": \"RINNAI\"}}, {\"added\": {\"name\": \"ProductImage\", \"object\": \"RINNAI\"}}]"}}, {"model": "admin.logentry", "pk": 52, "fields": {"action_time": "2021-07-28T12:28:34.281Z", "user": 1, "content_type": 11, "object_id": "43", "object_repr": "HITACHI", "action_flag": 1, "change_message": "[{\"added\": {}}, {\"added\": {\"name\": \"ProductImage\", \"object\": \"HITACHI\"}}, {\"added\": {\"name\": \"ProductImage\", \"object\": \"HITACHI\"}}, {\"added\": {\"name\": \"ProductImage\", \"object\": \"HITACHI\"}}]"}}, {"model": "admin.logentry", "pk": 53, "fields": {"action_time": "2021-07-28T12:31:13.620Z", "user": 1, "content_type": 11, "object_id": "44", "object_repr": "ARISTON", "action_flag": 1, "change_message": "[{\"added\": {}}, {\"added\": {\"name\": \"ProductImage\", \"object\": \"ARISTON\"}}, {\"added\": {\"name\": \"ProductImage\", \"object\": \"ARISTON\"}}, {\"added\": {\"name\": \"ProductImage\", \"object\": \"ARISTON\"}}, {\"added\": {\"name\": \"ProductImage\", \"object\": \"ARISTON\"}}]"}}, {"model": "admin.logentry", "pk": 54, "fields": {"action_time": "2021-07-28T12:33:01.043Z", "user": 1, "content_type": 11, "object_id": "45", "object_repr": "MAZUMA", "action_flag": 1, "change_message": "[{\"added\": {}}, {\"added\": {\"name\": \"ProductImage\", \"object\": \"MAZUMA\"}}, {\"added\": {\"name\": \"ProductImage\", \"object\": \"MAZUMA\"}}, {\"added\": {\"name\": \"ProductImage\", \"object\": \"MAZUMA\"}}, {\"added\": {\"name\": \"ProductImage\", \"object\": \"MAZUMA\"}}]"}}, {"model": "admin.logentry", "pk": 55, "fields": {"action_time": "2021-07-28T12:34:06.263Z", "user": 1, "content_type": 11, "object_id": "46", "object_repr": "PENTAIR", "action_flag": 1, "change_message": "[{\"added\": {}}, {\"added\": {\"name\": \"ProductImage\", \"object\": \"PENTAIR\"}}, {\"added\": {\"name\": \"ProductImage\", \"object\": \"PENTAIR\"}}, {\"added\": {\"name\": \"ProductImage\", \"object\": \"PENTAIR\"}}, {\"added\": {\"name\": \"ProductImage\", \"object\": \"PENTAIR\"}}]"}}, {"model": "admin.logentry", "pk": 56, "fields": {"action_time": "2021-07-28T12:35:29.935Z", "user": 1, "content_type": 11, "object_id": "47", "object_repr": "FILTEX", "action_flag": 1, "change_message": "[{\"added\": {}}, {\"added\": {\"name\": \"ProductImage\", \"object\": \"FILTEX\"}}, {\"added\": {\"name\": \"ProductImage\", \"object\": \"FILTEX\"}}, {\"added\": {\"name\": \"ProductImage\", \"object\": \"FILTEX\"}}, {\"added\": {\"name\": \"ProductImage\", \"object\": \"FILTEX\"}}]"}}, {"model": "admin.logentry", "pk": 57, "fields": {"action_time": "2021-07-28T12:37:20.920Z", "user": 1, "content_type": 11, "object_id": "48", "object_repr": "ACCORD", "action_flag": 1, "change_message": "[{\"added\": {}}, {\"added\": {\"name\": \"ProductImage\", \"object\": \"ACCORD\"}}, {\"added\": {\"name\": \"ProductImage\", \"object\": \"ACCORD\"}}, {\"added\": {\"name\": \"ProductImage\", \"object\": \"ACCORD\"}}, {\"added\": {\"name\": \"ProductImage\", \"object\": \"ACCORD\"}}]"}}, {"model": "admin.logentry", "pk": 58, "fields": {"action_time": "2021-07-28T12:39:09.672Z", "user": 1, "content_type": 11, "object_id": "49", "object_repr": "พัดลมตั้งโต๊ะ HATARI", "action_flag": 1, "change_message": "[{\"added\": {}}, {\"added\": {\"name\": \"ProductImage\", \"object\": \"\\u0e1e\\u0e31\\u0e14\\u0e25\\u0e21\\u0e15\\u0e31\\u0e49\\u0e07\\u0e42\\u0e15\\u0e4a\\u0e30 HATARI\"}}, {\"added\": {\"name\": \"ProductImage\", \"object\": \"\\u0e1e\\u0e31\\u0e14\\u0e25\\u0e21\\u0e15\\u0e31\\u0e49\\u0e07\\u0e42\\u0e15\\u0e4a\\u0e30 HATARI\"}}, {\"added\": {\"name\": \"ProductImage\", \"object\": \"\\u0e1e\\u0e31\\u0e14\\u0e25\\u0e21\\u0e15\\u0e31\\u0e49\\u0e07\\u0e42\\u0e15\\u0e4a\\u0e30 HATARI\"}}, {\"added\": {\"name\": \"ProductImage\", \"object\": \"\\u0e1e\\u0e31\\u0e14\\u0e25\\u0e21\\u0e15\\u0e31\\u0e49\\u0e07\\u0e42\\u0e15\\u0e4a\\u0e30 HATARI\"}}]"}}, {"model": "admin.logentry", "pk": 59, "fields": {"action_time": "2021-07-28T12:40:21.403Z", "user": 1, "content_type": 11, "object_id": "50", "object_repr": "ZAGIO", "action_flag": 1, "change_message": "[{\"added\": {}}, {\"added\": {\"name\": \"ProductImage\", \"object\": \"ZAGIO\"}}, {\"added\": {\"name\": \"ProductImage\", \"object\": \"ZAGIO\"}}, {\"added\": {\"name\": \"ProductImage\", \"object\": \"ZAGIO\"}}, {\"added\": {\"name\": \"ProductImage\", \"object\": \"ZAGIO\"}}]"}}, {"model": "admin.logentry", "pk": 60, "fields": {"action_time": "2021-07-28T12:41:39.613Z", "user": 1, "content_type": 11, "object_id": "51", "object_repr": "พัดลมตั้งโต๊ะ GALAXY", "action_flag": 1, "change_message": "[{\"added\": {}}, {\"added\": {\"name\": \"ProductImage\", \"object\": \"\\u0e1e\\u0e31\\u0e14\\u0e25\\u0e21\\u0e15\\u0e31\\u0e49\\u0e07\\u0e42\\u0e15\\u0e4a\\u0e30 GALAXY\"}}, {\"added\": {\"name\": \"ProductImage\", \"object\": \"\\u0e1e\\u0e31\\u0e14\\u0e25\\u0e21\\u0e15\\u0e31\\u0e49\\u0e07\\u0e42\\u0e15\\u0e4a\\u0e30 GALAXY\"}}, {\"added\": {\"name\": \"ProductImage\", \"object\": \"\\u0e1e\\u0e31\\u0e14\\u0e25\\u0e21\\u0e15\\u0e31\\u0e49\\u0e07\\u0e42\\u0e15\\u0e4a\\u0e30 GALAXY\"}}, {\"added\": {\"name\": \"ProductImage\", \"object\": \"\\u0e1e\\u0e31\\u0e14\\u0e25\\u0e21\\u0e15\\u0e31\\u0e49\\u0e07\\u0e42\\u0e15\\u0e4a\\u0e30 GALAXY\"}}]"}}, {"model": "admin.logentry", "pk": 61, "fields": {"action_time": "2021-07-28T12:42:56.989Z", "user": 1, "content_type": 11, "object_id": "52", "object_repr": "พัดลมตั้งโต๊ะ SHARP", "action_flag": 1, "change_message": "[{\"added\": {}}, {\"added\": {\"name\": \"ProductImage\", \"object\": \"\\u0e1e\\u0e31\\u0e14\\u0e25\\u0e21\\u0e15\\u0e31\\u0e49\\u0e07\\u0e42\\u0e15\\u0e4a\\u0e30 SHARP\"}}, {\"added\": {\"name\": \"ProductImage\", \"object\": \"\\u0e1e\\u0e31\\u0e14\\u0e25\\u0e21\\u0e15\\u0e31\\u0e49\\u0e07\\u0e42\\u0e15\\u0e4a\\u0e30 SHARP\"}}, {\"added\": {\"name\": \"ProductImage\", \"object\": \"\\u0e1e\\u0e31\\u0e14\\u0e25\\u0e21\\u0e15\\u0e31\\u0e49\\u0e07\\u0e42\\u0e15\\u0e4a\\u0e30 SHARP\"}}, {\"added\": {\"name\": \"ProductImage\", \"object\": \"\\u0e1e\\u0e31\\u0e14\\u0e25\\u0e21\\u0e15\\u0e31\\u0e49\\u0e07\\u0e42\\u0e15\\u0e4a\\u0e30 SHARP\"}}]"}}, {"model": "admin.logentry", "pk": 62, "fields": {"action_time": "2021-07-28T12:44:26.830Z", "user": 1, "content_type": 11, "object_id": "53", "object_repr": "พัดลมสไลด์ MITSUBISHI", "action_flag": 1, "change_message": "[{\"added\": {}}, {\"added\": {\"name\": \"ProductImage\", \"object\": \"\\u0e1e\\u0e31\\u0e14\\u0e25\\u0e21\\u0e2a\\u0e44\\u0e25\\u0e14\\u0e4c MITSUBISHI\"}}, {\"added\": {\"name\": \"ProductImage\", \"object\": \"\\u0e1e\\u0e31\\u0e14\\u0e25\\u0e21\\u0e2a\\u0e44\\u0e25\\u0e14\\u0e4c MITSUBISHI\"}}, {\"added\": {\"name\": \"ProductImage\", \"object\": \"\\u0e1e\\u0e31\\u0e14\\u0e25\\u0e21\\u0e2a\\u0e44\\u0e25\\u0e14\\u0e4c MITSUBISHI\"}}, {\"added\": {\"name\": \"ProductImage\", \"object\": \"\\u0e1e\\u0e31\\u0e14\\u0e25\\u0e21\\u0e2a\\u0e44\\u0e25\\u0e14\\u0e4c MITSUBISHI\"}}]"}}, {"model": "admin.logentry", "pk": 63, "fields": {"action_time": "2021-07-28T13:04:49.838Z", "user": 1, "content_type": 4, "object_id": "2", "object_repr": "weerachon14", "action_flag": 3, "change_message": ""}}, {"model": "admin.logentry", "pk": 64, "fields": {"action_time": "2021-07-28T14:32:33.957Z", "user": 1, "content_type": 15, "object_id": "1", "object_repr": "เตาแม่เหล็กไฟฟ้า SHARP - นัดรับได้ไหมครับถ้าามีเครื่องอีกก", "action_flag": 1, "change_message": "[{\"added\": {}}]"}}, {"model": "admin.logentry", "pk": 65, "fields": {"action_time": "2021-07-28T14:34:18.804Z", "user": 1, "content_type": 15, "object_id": "1", "object_repr": "เตาแม่เหล็กไฟฟ้า SHARP - นัดรับได้ไหมครับถ้าามีเครื่องอีกก", "action_flag": 3, "change_message": ""}}, {"model": "admin.logentry", "pk": 66, "fields": {"action_time": "2021-07-28T16:24:10.398Z", "user": 1, "content_type": 15, "object_id": "3", "object_repr": "admin", "action_flag": 1, "change_message": "[{\"added\": {}}]"}}, {"model": "admin.logentry", "pk": 67, "fields": {"action_time": "2021-07-28T16:24:47.494Z", "user": 1, "content_type": 15, "object_id": "4", "object_repr": "weerachon14", "action_flag": 1, "change_message": "[{\"added\": {}}]"}}, {"model": "admin.logentry", "pk": 68, "fields": {"action_time": "2021-07-28T16:49:20.492Z", "user": 1, "content_type": 14, "object_id": "1", "object_repr": "weerachon14", "action_flag": 1, "change_message": "[{\"added\": {}}]"}}, {"model": "admin.logentry", "pk": 69, "fields": {"action_time": "2021-07-28T19:26:00.071Z", "user": 1, "content_type": 9, "object_id": "1", "object_repr": "เครื่องใช้ไฟขนาดเล็ก", "action_flag": 2, "change_message": "[{\"changed\": {\"fields\": [\"Headshot\"]}}]"}}, {"model": "admin.logentry", "pk": 70, "fields": {"action_time": "2021-07-28T19:50:33.117Z", "user": 1, "content_type": 11, "object_id": "1", "object_repr": "ไมโครเวฟ HAIER", "action_flag": 2, "change_message": "[]"}}, {"model": "admin.logentry", "pk": 71, "fields": {"action_time": "2021-07-28T19:55:35.588Z", "user": 1, "content_type": 11, "object_id": "13", "object_repr": "TCL", "action_flag": 2, "change_message": "[{\"changed\": {\"fields\": [\"Recommend\"]}}]"}}, {"model": "admin.logentry", "pk": 72, "fields": {"action_time": "2021-07-28T19:57:56.709Z", "user": 1, "content_type": 11, "object_id": "50", "object_repr": "ZAGIO", "action_flag": 2, "change_message": "[{\"changed\": {\"fields\": [\"Recommend\"]}}]"}}, {"model": "admin.logentry", "pk": 73, "fields": {"action_time": "2021-07-28T20:48:19.984Z", "user": 1, "content_type": 11, "object_id": "49", "object_repr": "พัดลมตั้งโต๊ะ HATARI", "action_flag": 2, "change_message": "[{\"changed\": {\"fields\": [\"Recommend\"]}}]"}}, {"model": "admin.logentry", "pk": 74, "fields": {"action_time": "2021-07-28T20:50:31.543Z", "user": 1, "content_type": 11, "object_id": "32", "object_repr": "เครื่องซักผ้าฝาบน BEKO", "action_flag": 2, "change_message": "[{\"changed\": {\"fields\": [\"Recommend\"]}}]"}}, {"model": "admin.logentry", "pk": 75, "fields": {"action_time": "2021-07-28T20:51:06.204Z", "user": 1, "content_type": 11, "object_id": "34", "object_repr": "HAIER Smart TV", "action_flag": 2, "change_message": "[{\"changed\": {\"fields\": [\"Recommend\"]}}]"}}, {"model": "admin.logentry", "pk": 76, "fields": {"action_time": "2021-07-29T13:28:30.958Z", "user": 1, "content_type": 9, "object_id": "1", "object_repr": "เครื่องใช้ไฟขนาดเล็ก", "action_flag": 2, "change_message": "[{\"changed\": {\"fields\": [\"Headshot\"]}}]"}}, {"model": "admin.logentry", "pk": 77, "fields": {"action_time": "2021-07-29T15:50:07.847Z", "user": 1, "content_type": 10, "object_id": "2", "object_repr": "weerachon14", "action_flag": 2, "change_message": "[{\"changed\": {\"fields\": [\"Status\"]}}]"}}, {"model": "auth.permission", "pk": 1, "fields": {"name": "Can add log entry", "content_type": 1, "codename": "add_logentry"}}, {"model": "auth.permission", "pk": 2, "fields": {"name": "Can change log entry", "content_type": 1, "codename": "change_logentry"}}, {"model": "auth.permission", "pk": 3, "fields": {"name": "Can delete log entry", "content_type": 1, "codename": "delete_logentry"}}, {"model": "auth.permission", "pk": 4, "fields": {"name": "Can view log entry", "content_type": 1, "codename": "view_logentry"}}, {"model": "auth.permission", "pk": 5, "fields": {"name": "Can add permission", "content_type": 2, "codename": "add_permission"}}, {"model": "auth.permission", "pk": 6, "fields": {"name": "Can change permission", "content_type": 2, "codename": "change_permission"}}, {"model": "auth.permission", "pk": 7, "fields": {"name": "Can delete permission", "content_type": 2, "codename": "delete_permission"}}, {"model": "auth.permission", "pk": 8, "fields": {"name": "Can view permission", "content_type": 2, "codename": "view_permission"}}, {"model": "auth.permission", "pk": 9, "fields": {"name": "Can add group", "content_type": 3, "codename": "add_group"}}, {"model": "auth.permission", "pk": 10, "fields": {"name": "Can change group", "content_type": 3, "codename": "change_group"}}, {"model": "auth.permission", "pk": 11, "fields": {"name": "Can delete group", "content_type": 3, "codename": "delete_group"}}, {"model": "auth.permission", "pk": 12, "fields": {"name": "Can view group", "content_type": 3, "codename": "view_group"}}, {"model": "auth.permission", "pk": 13, "fields": {"name": "Can add user", "content_type": 4, "codename": "add_user"}}, {"model": "auth.permission", "pk": 14, "fields": {"name": "Can change user", "content_type": 4, "codename": "change_user"}}, {"model": "auth.permission", "pk": 15, "fields": {"name": "Can delete user", "content_type": 4, "codename": "delete_user"}}, {"model": "auth.permission", "pk": 16, "fields": {"name": "Can view user", "content_type": 4, "codename": "view_user"}}, {"model": "auth.permission", "pk": 17, "fields": {"name": "Can add content type", "content_type": 5, "codename": "add_contenttype"}}, {"model": "auth.permission", "pk": 18, "fields": {"name": "Can change content type", "content_type": 5, "codename": "change_contenttype"}}, {"model": "auth.permission", "pk": 19, "fields": {"name": "Can delete content type", "content_type": 5, "codename": "delete_contenttype"}}, {"model": "auth.permission", "pk": 20, "fields": {"name": "Can view content type", "content_type": 5, "codename": "view_contenttype"}}, {"model": "auth.permission", "pk": 21, "fields": {"name": "Can add session", "content_type": 6, "codename": "add_session"}}, {"model": "auth.permission", "pk": 22, "fields": {"name": "Can change session", "content_type": 6, "codename": "change_session"}}, {"model": "auth.permission", "pk": 23, "fields": {"name": "Can delete session", "content_type": 6, "codename": "delete_session"}}, {"model": "auth.permission", "pk": 24, "fields": {"name": "Can view session", "content_type": 6, "codename": "view_session"}}, {"model": "auth.permission", "pk": 25, "fields": {"name": "Can add Token", "content_type": 7, "codename": "add_token"}}, {"model": "auth.permission", "pk": 26, "fields": {"name": "Can change Token", "content_type": 7, "codename": "change_token"}}, {"model": "auth.permission", "pk": 27, "fields": {"name": "Can delete Token", "content_type": 7, "codename": "delete_token"}}, {"model": "auth.permission", "pk": 28, "fields": {"name": "Can view Token", "content_type": 7, "codename": "view_token"}}, {"model": "auth.permission", "pk": 29, "fields": {"name": "Can add token", "content_type": 8, "codename": "add_tokenproxy"}}, {"model": "auth.permission", "pk": 30, "fields": {"name": "Can change token", "content_type": 8, "codename": "change_tokenproxy"}}, {"model": "auth.permission", "pk": 31, "fields": {"name": "Can delete token", "content_type": 8, "codename": "delete_tokenproxy"}}, {"model": "auth.permission", "pk": 32, "fields": {"name": "Can view token", "content_type": 8, "codename": "view_tokenproxy"}}, {"model": "auth.permission", "pk": 33, "fields": {"name": "Can add Category", "content_type": 9, "codename": "add_category"}}, {"model": "auth.permission", "pk": 34, "fields": {"name": "Can change Category", "content_type": 9, "codename": "change_category"}}, {"model": "auth.permission", "pk": 35, "fields": {"name": "Can delete Category", "content_type": 9, "codename": "delete_category"}}, {"model": "auth.permission", "pk": 36, "fields": {"name": "Can view Category", "content_type": 9, "codename": "view_category"}}, {"model": "auth.permission", "pk": 37, "fields": {"name": "Can add invoice", "content_type": 10, "codename": "add_invoice"}}, {"model": "auth.permission", "pk": 38, "fields": {"name": "Can change invoice", "content_type": 10, "codename": "change_invoice"}}, {"model": "auth.permission", "pk": 39, "fields": {"name": "Can delete invoice", "content_type": 10, "codename": "delete_invoice"}}, {"model": "auth.permission", "pk": 40, "fields": {"name": "Can view invoice", "content_type": 10, "codename": "view_invoice"}}, {"model": "auth.permission", "pk": 41, "fields": {"name": "Can add Product", "content_type": 11, "codename": "add_product"}}, {"model": "auth.permission", "pk": 42, "fields": {"name": "Can change Product", "content_type": 11, "codename": "change_product"}}, {"model": "auth.permission", "pk": 43, "fields": {"name": "Can delete Product", "content_type": 11, "codename": "delete_product"}}, {"model": "auth.permission", "pk": 44, "fields": {"name": "Can view Product", "content_type": 11, "codename": "view_product"}}, {"model": "auth.permission", "pk": 45, "fields": {"name": "Can add ProductImage", "content_type": 12, "codename": "add_productimage"}}, {"model": "auth.permission", "pk": 46, "fields": {"name": "Can change ProductImage", "content_type": 12, "codename": "change_productimage"}}, {"model": "auth.permission", "pk": 47, "fields": {"name": "Can delete ProductImage", "content_type": 12, "codename": "delete_productimage"}}, {"model": "auth.permission", "pk": 48, "fields": {"name": "Can view ProductImage", "content_type": 12, "codename": "view_productimage"}}, {"model": "auth.permission", "pk": 49, "fields": {"name": "Can add invoice_item", "content_type": 13, "codename": "add_invoice_item"}}, {"model": "auth.permission", "pk": 50, "fields": {"name": "Can change invoice_item", "content_type": 13, "codename": "change_invoice_item"}}, {"model": "auth.permission", "pk": 51, "fields": {"name": "Can delete invoice_item", "content_type": 13, "codename": "delete_invoice_item"}}, {"model": "auth.permission", "pk": 52, "fields": {"name": "Can view invoice_item", "content_type": 13, "codename": "view_invoice_item"}}, {"model": "auth.permission", "pk": 53, "fields": {"name": "Can add UserImage", "content_type": 14, "codename": "add_imageuser"}}, {"model": "auth.permission", "pk": 54, "fields": {"name": "Can change UserImage", "content_type": 14, "codename": "change_imageuser"}}, {"model": "auth.permission", "pk": 55, "fields": {"name": "Can delete UserImage", "content_type": 14, "codename": "delete_imageuser"}}, {"model": "auth.permission", "pk": 56, "fields": {"name": "Can view UserImage", "content_type": 14, "codename": "view_imageuser"}}, {"model": "auth.permission", "pk": 57, "fields": {"name": "Can add comment", "content_type": 15, "codename": "add_comment"}}, {"model": "auth.permission", "pk": 58, "fields": {"name": "Can change comment", "content_type": 15, "codename": "change_comment"}}, {"model": "auth.permission", "pk": 59, "fields": {"name": "Can delete comment", "content_type": 15, "codename": "delete_comment"}}, {"model": "auth.permission", "pk": 60, "fields": {"name": "Can view comment", "content_type": 15, "codename": "view_comment"}}, {"model": "auth.permission", "pk": 61, "fields": {"name": "Can add cart", "content_type": 16, "codename": "add_cart"}}, {"model": "auth.permission", "pk": 62, "fields": {"name": "Can change cart", "content_type": 16, "codename": "change_cart"}}, {"model": "auth.permission", "pk": 63, "fields": {"name": "Can delete cart", "content_type": 16, "codename": "delete_cart"}}, {"model": "auth.permission", "pk": 64, "fields": {"name": "Can view cart", "content_type": 16, "codename": "view_cart"}}, {"model": "auth.user", "pk": 1, "fields": {"password": "pbkdf2_sha256$260000$WXKXv7T5PkfzwMXSxbFcFp$5utkL4cqOVmqrNloD5kIEbKSB/2tXWQ/b941HsaZ3tU=", "last_login": "2021-07-28T10:40:52.716Z", "is_superuser": true, "username": "admin", "first_name": "", "last_name": "", "email": "admin@gmail.com", "is_staff": true, "is_active": true, "date_joined": "2021-07-28T10:40:31.204Z", "groups": [], "user_permissions": []}}, {"model": "auth.user", "pk": 3, "fields": {"password": "pbkdf2_sha256$260000$DuXq5WUZEHH0njFaqNqPxV$pgCmRJpB92XfZwXa6RBEstnqkKcB+RU/R6P694YCTSU=", "last_login": null, "is_superuser": false, "username": "weerachon14", "first_name": "วีรชล", "last_name": "ใยอินทร์", "email": "chick.winer@gmail.com", "is_staff": false, "is_active": true, "date_joined": "2021-07-28T13:05:04.546Z", "groups": [], "user_permissions": []}}, {"model": "auth.user", "pk": 4, "fields": {"password": "pbkdf2_sha256$260000$y2SJOtD4xlp6xgvywAIBJ7$zTFdbzWJXFptptyF/VgJiXTjG5FB3rE/YPMEclPx3G4=", "last_login": null, "is_superuser": false, "username": "chonathan", "first_name": "วีรชล", "last_name": "ใยอินทร์", "email": "", "is_staff": false, "is_active": true, "date_joined": "2021-07-29T04:53:11.520Z", "groups": [], "user_permissions": []}}, {"model": "auth.user", "pk": 5, "fields": {"password": "pbkdf2_sha256$260000$vqWQYqBeTOIw7qAbZ928mL$60aP2ZggeVtHT11OAqsff9iIjm7Hu2kM+NaThLW9Czc=", "last_login": null, "is_superuser": false, "username": "chonathan2", "first_name": "วีรชล", "last_name": "ใยอินทร์", "email": "", "is_staff": false, "is_active": true, "date_joined": "2021-07-29T09:42:53.753Z", "groups": [], "user_permissions": []}}, {"model": "auth.user", "pk": 6, "fields": {"password": "pbkdf2_sha256$260000$NTuzEZHX3pDdSS2wB1UOiU$CXqVwB7RmIeDOcgrimHLbiAHDR1WSmWPvryR2aozY+U=", "last_login": null, "is_superuser": false, "username": "chonathan3", "first_name": "วีรชล", "last_name": "ใยอินทร์", "email": "", "is_staff": false, "is_active": true, "date_joined": "2021-07-29T10:00:58.559Z", "groups": [], "user_permissions": []}}, {"model": "auth.user", "pk": 7, "fields": {"password": "pbkdf2_sha256$260000$iJYWZ2BPCIEUTcgM07FCe1$6XeNrv1gEY7yO9xKS5B8R4n5Zk4iudiykB3eA+4/vDs=", "last_login": null, "is_superuser": false, "username": "weerachon15", "first_name": "วีรชล", "last_name": "ใยอินทร์", "email": "", "is_staff": false, "is_active": true, "date_joined": "2021-07-29T10:01:33.548Z", "groups": [], "user_permissions": []}}, {"model": "auth.user", "pk": 8, "fields": {"password": "pbkdf2_sha256$260000$8Wm8zkuxPQYQ8Vplm9IydV$3P1Yq+bXabEnFsjb1aEUEiXaw7x9KONaorTxVPTH7fo=", "last_login": null, "is_superuser": false, "username": "weerachon", "first_name": "วีรชล", "last_name": "ใยอินทร์", "email": "", "is_staff": false, "is_active": true, "date_joined": "2021-07-29T10:46:57.606Z", "groups": [], "user_permissions": []}}, {"model": "contenttypes.contenttype", "pk": 1, "fields": {"app_label": "admin", "model": "logentry"}}, {"model": "contenttypes.contenttype", "pk": 2, "fields": {"app_label": "auth", "model": "permission"}}, {"model": "contenttypes.contenttype", "pk": 3, "fields": {"app_label": "auth", "model": "group"}}, {"model": "contenttypes.contenttype", "pk": 4, "fields": {"app_label": "auth", "model": "user"}}, {"model": "contenttypes.contenttype", "pk": 5, "fields": {"app_label": "contenttypes", "model": "contenttype"}}, {"model": "contenttypes.contenttype", "pk": 6, "fields": {"app_label": "sessions", "model": "session"}}, {"model": "contenttypes.contenttype", "pk": 7, "fields": {"app_label": "authtoken", "model": "token"}}, {"model": "contenttypes.contenttype", "pk": 8, "fields": {"app_label": "authtoken", "model": "tokenproxy"}}, {"model": "contenttypes.contenttype", "pk": 9, "fields": {"app_label": "webAPI", "model": "category"}}, {"model": "contenttypes.contenttype", "pk": 10, "fields": {"app_label": "webAPI", "model": "invoice"}}, {"model": "contenttypes.contenttype", "pk": 11, "fields": {"app_label": "webAPI", "model": "product"}}, {"model": "contenttypes.contenttype", "pk": 12, "fields": {"app_label": "webAPI", "model": "productimage"}}, {"model": "contenttypes.contenttype", "pk": 13, "fields": {"app_label": "webAPI", "model": "invoice_item"}}, {"model": "contenttypes.contenttype", "pk": 14, "fields": {"app_label": "webAPI", "model": "imageuser"}}, {"model": "contenttypes.contenttype", "pk": 15, "fields": {"app_label": "webAPI", "model": "comment"}}, {"model": "contenttypes.contenttype", "pk": 16, "fields": {"app_label": "webAPI", "model": "cart"}}, {"model": "webAPI.category", "pk": 1, "fields": {"name": "เครื่องใช้ไฟขนาดเล็ก", "detail": "เครื่องใช้ไฟภายในบ้าน", "is_enabled": true, "image": "headshots/category/0_W3b9Xx8.png", "headshot_ppoi": "0.5x0.5"}}, {"model": "webAPI.category", "pk": 2, "fields": {"name": "เครื่องปรับอากาศ", "detail": "เครื่องปรับอากาศ", "is_enabled": true, "image": "headshots/category/0_QjzFqqu.png", "headshot_ppoi": "0.5x0.5"}}, {"model": "webAPI.category", "pk": 3, "fields": {"name": "ตู้เย็น", "detail": "ตู้เย็น", "is_enabled": true, "image": "headshots/category/0_aiquBBD.png", "headshot_ppoi": "0.5x0.5"}}, {"model": "webAPI.category", "pk": 4, "fields": {"name": "เครื่องซักผ้า", "detail": "เครื่องซักผ้า", "is_enabled": true, "image": "headshots/category/0_BttqWM3.png", "headshot_ppoi": "0.5x0.5"}}, {"model": "webAPI.category", "pk": 5, "fields": {"name": "ทีวี", "detail": "ทีวี", "is_enabled": true, "image": "headshots/category/0_wliBziu.png", "headshot_ppoi": "0.5x0.5"}}, {"model": "webAPI.category", "pk": 6, "fields": {"name": "เครื่องทำน้ำอุ่น", "detail": "เครื่องทำน้ำอุ่น", "is_enabled": true, "image": "headshots/category/0_0JcWAal.png", "headshot_ppoi": "0.5x0.5"}}, {"model": "webAPI.category", "pk": 7, "fields": {"name": "เครื่องกรองน้ำ", "detail": "เครื่องกรองน้ำ", "is_enabled": true, "image": "headshots/category/0_I2upZyK.png", "headshot_ppoi": "0.5x0.5"}}, {"model": "webAPI.category", "pk": 8, "fields": {"name": "พัดลม", "detail": "พัดลม", "is_enabled": true, "image": "headshots/category/0_7klRiIW.png", "headshot_ppoi": "0.5x0.5"}}, {"model": "webAPI.product", "pk": 1, "fields": {"name": "ไมโครเวฟ HAIER", "category": 1, "price": "1690.00", "detail": "ไมโครเวฟ HAIER รุ่น HMW-M2001W กำลัง 700 วัตต์ ขนาด 20 ลิตร สีขาว", "is_enabled": true, "recommend": true, "created_datetime": "2021-07-28T19:50:33.114Z", "image": "headshots/product/60344403.jpg", "headshot_ppoi": "0.5x0.5"}}, {"model": "webAPI.product", "pk": 2, "fields": {"name": "หม้อหุงข้าว ZAGIO", "category": 1, "price": "398.00", "detail": "หม้อหุงข้าว ZAGIO รุ่น ZG-3151 กำลัง 350 วัตต์ ความจุ 0.6 ลิตร สีเทา", "is_enabled": true, "recommend": true, "created_datetime": "2021-07-28T10:54:27.922Z", "image": "headshots/product/1.png", "headshot_ppoi": "0.5x0.5"}}, {"model": "webAPI.product", "pk": 3, "fields": {"name": "กาต้มน้ำไร้สาย PHILIPS", "category": 1, "price": "1390.00", "detail": "กาต้มน้ำไร้สาย PHILIPS รุ่น HD9306/03 ขนาด 1.5 ลิตร สีสเตนเลส", "is_enabled": true, "recommend": true, "created_datetime": "2021-07-28T10:58:12.001Z", "image": "headshots/product/1_TMGSkje.jpg", "headshot_ppoi": "0.5x0.5"}}, {"model": "webAPI.product", "pk": 4, "fields": {"name": "เครื่องปิ้งขนมปัง PHILIPS", "category": 1, "price": "890.00", "detail": "เครื่องปิ้งขนมปัง PHILIPS รุ่น HD2581/00 สีขาว", "is_enabled": true, "recommend": true, "created_datetime": "2021-07-28T10:59:42.503Z", "image": "headshots/product/1_dxadb2q.jpg", "headshot_ppoi": "0.5x0.5"}}, {"model": "webAPI.product", "pk": 5, "fields": {"name": "เครื่องปั่น PANASONIC", "category": 1, "price": "1040.00", "detail": "เครื่องปั่น PANASONIC รุ่น MX-M100WSN กำลัง 450 วัตต์ สีขาว", "is_enabled": true, "recommend": true, "created_datetime": "2021-07-28T11:14:42.443Z", "image": "headshots/product/1_FV68COl.png", "headshot_ppoi": "0.5x0.5"}}, {"model": "webAPI.product", "pk": 6, "fields": {"name": "เตาแม่เหล็กไฟฟ้า SHARP", "category": 1, "price": "2690.00", "detail": "เตาแม่เหล็กไฟฟ้า SHARP รุ่น CY-301 สีดำ", "is_enabled": true, "recommend": true, "created_datetime": "2021-07-28T11:16:23.081Z", "image": "headshots/product/1_ukKbBoL.png", "headshot_ppoi": "0.5x0.5"}}, {"model": "webAPI.product", "pk": 7, "fields": {"name": "เตารีดแห้ง PHILIPS", "category": 1, "price": "390.00", "detail": "เตารีดแห้ง PHILIPS รุ่น HI108 กำลัง 1000 วัตต์ สีขาว", "is_enabled": true, "recommend": true, "created_datetime": "2021-07-28T11:18:49.172Z", "image": "headshots/product/1_7M0WCYK.png", "headshot_ppoi": "0.5x0.5"}}, {"model": "webAPI.product", "pk": 8, "fields": {"name": "เครื่องดูดฝุ่น แบบถุง", "category": 1, "price": "1690.00", "detail": "เครื่องดูดฝุ่น แบบถุง HITACHI รุ่น CVBU 16 BL กำลัง 1600 วัตต์ สีฟ้า", "is_enabled": true, "recommend": true, "created_datetime": "2021-07-28T11:20:09.302Z", "image": "headshots/product/1_MDqzCLm.jpg", "headshot_ppoi": "0.5x0.5"}}, {"model": "webAPI.product", "pk": 9, "fields": {"name": "ไดร์เป่าผม PHILIPS", "category": 1, "price": "490.00", "detail": "ไดร์เป่าผม PHILIPS รุ่น HP8120/00 กำลัง 1200 วัตต์ สีชมพู", "is_enabled": true, "recommend": true, "created_datetime": "2021-07-28T11:22:18.027Z", "image": "headshots/product/1_f6Nvb9Q.jpg", "headshot_ppoi": "0.5x0.5"}}, {"model": "webAPI.product", "pk": 10, "fields": {"name": "เครื่องปรับอากาศ CARRIER", "category": 2, "price": "13900.00", "detail": "เครื่องปรับอากาศติดผนัง CARRIER รุ่น 38AAF010-A / 42AAF010-A ขนาด 9,200 BTU สีครีม", "is_enabled": true, "recommend": true, "created_datetime": "2021-07-28T11:25:01.193Z", "image": "headshots/product/1_Kq7Fc7X.jpg", "headshot_ppoi": "0.5x0.5"}}, {"model": "webAPI.product", "pk": 11, "fields": {"name": "เครื่องปรับอากาศ MITSUBISHI", "category": 2, "price": "16400.00", "detail": "เครื่องปรับอากาศติดผนัง MITSUBISHI รุ่น MS-GN09VF-T2 ขนาด 9,212 BTU สีนีโอไวท์", "is_enabled": true, "recommend": true, "created_datetime": "2021-07-28T11:29:41.839Z", "image": "headshots/product/1_7LGOokL.jpg", "headshot_ppoi": "0.5x0.5"}}, {"model": "webAPI.product", "pk": 12, "fields": {"name": "เครื่องปรับอากาศ HITACHI", "category": 2, "price": "14994.00", "detail": "เครื่องปรับอากาศติดผนัง Inverter HITACHI รุ่น RAC/RAS-KH10CLT ขนาด 9,300 BTU สีขาว", "is_enabled": true, "recommend": true, "created_datetime": "2021-07-28T11:31:20.779Z", "image": "headshots/product/1_NnIcHzg.jpg", "headshot_ppoi": "0.5x0.5"}}, {"model": "webAPI.product", "pk": 13, "fields": {"name": "TCL", "category": 2, "price": "7990.00", "detail": "เครื่องปรับอากาศเคลื่อนที่ TCL รุ่น TAC-09CPA/RS ขนาด 9,000 บีทียู สีขาว", "is_enabled": true, "recommend": false, "created_datetime": "2021-07-28T19:55:35.587Z", "image": "headshots/product/1_o1Y5B4j.jpg", "headshot_ppoi": "0.5x0.5"}}, {"model": "webAPI.product", "pk": 14, "fields": {"name": "ACONATIC", "category": 2, "price": "11220.00", "detail": "เครื่องปรับอากาศเคลื่อนที่ ACONATIC รุ่น AN-PAC12C2 ขนาด 12,000 BTU สีขาว", "is_enabled": true, "recommend": true, "created_datetime": "2021-07-28T11:35:00.020Z", "image": "headshots/product/1_mZdJGO8.jpg", "headshot_ppoi": "0.5x0.5"}}, {"model": "webAPI.product", "pk": 15, "fields": {"name": "TCL", "category": 2, "price": "9990.00", "detail": "เครื่องปรับอากาศเคลื่อนที่ TCL รุ่น TAC-12CPA/KV ขนาด 12,000 บีทียู สีขาว", "is_enabled": true, "recommend": true, "created_datetime": "2021-07-28T11:36:42.142Z", "image": "headshots/product/1_1bC7B68.jpg", "headshot_ppoi": "0.5x0.5"}}, {"model": "webAPI.product", "pk": 16, "fields": {"name": "PHILIPS", "category": 2, "price": "5990.00", "detail": "เครื่องฟอกอากาศ PHILIPS รุ่น AC0820/20 สีขาว", "is_enabled": true, "recommend": true, "created_datetime": "2021-07-28T11:43:31.527Z", "image": "headshots/product/1_M2RNZBu.jpg", "headshot_ppoi": "0.5x0.5"}}, {"model": "webAPI.product", "pk": 17, "fields": {"name": "SHARP", "category": 2, "price": "7990.00", "detail": "เครื่องฟอกอากาศ SHARP รุ่น FP-JM30B-B", "is_enabled": true, "recommend": true, "created_datetime": "2021-07-28T11:44:53.024Z", "image": "headshots/product/1_Zzms4vp.jpg", "headshot_ppoi": "0.5x0.5"}}, {"model": "webAPI.product", "pk": 18, "fields": {"name": "PHILIPS", "category": 2, "price": "8990.00", "detail": "เครื่องฟอกอากาศ PHILIPS รุ่น AC1215/20 สีขาว", "is_enabled": true, "recommend": true, "created_datetime": "2021-07-28T11:46:36.427Z", "image": "headshots/product/1_IGUCaDE.png", "headshot_ppoi": "0.5x0.5"}}, {"model": "webAPI.product", "pk": 19, "fields": {"name": "ตู้เย็นมินิบาร์ BEKO", "category": 3, "price": "3590.00", "detail": "ตู้เย็นมินิบาร์ BEKO รุ่น RS4020P ขนาด 1.4 คิว สีเงิน", "is_enabled": true, "recommend": true, "created_datetime": "2021-07-28T11:48:15.263Z", "image": "headshots/product/1_cALyv4J.jpg", "headshot_ppoi": "0.5x0.5"}}, {"model": "webAPI.product", "pk": 20, "fields": {"name": "ตู้เย็นมินิบาร์ TOSHIBA", "category": 3, "price": "4290.00", "detail": "ตู้เย็นมินิบาร์ TOSHIBA รุ่น GR-D706SH ขนาด 1.7 คิว สีเงิน", "is_enabled": true, "recommend": true, "created_datetime": "2021-07-28T11:49:26.462Z", "image": "headshots/product/1_IyOjv4A.jpg", "headshot_ppoi": "0.5x0.5"}}, {"model": "webAPI.product", "pk": 21, "fields": {"name": "ตู้เย็น 1 ประตู MITSUBISHI", "category": 3, "price": "5090.00", "detail": "ตู้เย็น 1 ประตู MITSUBISHI รุ่น MR-14RA-SL ขนาด 4.9 คิว สีเงิน", "is_enabled": true, "recommend": true, "created_datetime": "2021-07-28T11:51:33.811Z", "image": "headshots/product/1_cr8ohZs.jpg", "headshot_ppoi": "0.5x0.5"}}, {"model": "webAPI.product", "pk": 22, "fields": {"name": "ตู้เย็น 1 ประตู Haier", "category": 3, "price": "5190.00", "detail": "ตู้เย็น 1 ประตู Haier รุ่น HR-DMBX15 CS ขนาด 5.2คิว สีเทา", "is_enabled": true, "recommend": true, "created_datetime": "2021-07-28T11:52:44.388Z", "image": "headshots/product/1_jFnyRfw.jpg", "headshot_ppoi": "0.5x0.5"}}, {"model": "webAPI.product", "pk": 23, "fields": {"name": "ตู้แช่แข็งฝาทึบ HAIER", "category": 3, "price": "5990.00", "detail": "ตู้แช่แข็งฝาทึบ HAIER รุ่น HCF-LF108 ขนาด 3.7 คิว สีกระจกขาว", "is_enabled": true, "recommend": true, "created_datetime": "2021-07-28T11:54:54.596Z", "image": "headshots/product/1_jYZshHC.jpg", "headshot_ppoi": "0.5x0.5"}}, {"model": "webAPI.product", "pk": 24, "fields": {"name": "ตู้ทำน้ำเย็น SHARP", "category": 3, "price": "4090.00", "detail": "ตู้ทำน้ำเย็น SHARP รุ่น SB-C9 สีขาว", "is_enabled": true, "recommend": true, "created_datetime": "2021-07-28T11:56:27.748Z", "image": "headshots/product/1_L7PXYHw.jpg", "headshot_ppoi": "0.5x0.5"}}, {"model": "webAPI.product", "pk": 25, "fields": {"name": "ตู้ทำน้ำเย็น 2 หัว TOSHIBA", "category": 3, "price": "3890.00", "detail": "ตู้ทำน้ำเย็น 2 หัว TOSHIBA รุ่น RWF-C1664TK(W) สีขาว", "is_enabled": true, "recommend": true, "created_datetime": "2021-07-28T11:57:47.742Z", "image": "headshots/product/1_UkRbNpa.jpg", "headshot_ppoi": "0.5x0.5"}}, {"model": "webAPI.product", "pk": 26, "fields": {"name": "PAUL TIGER", "category": 4, "price": "1994.00", "detail": "เครื่องซักผ้าฝาบน PAUL TIGER รุ่น SW 311 ขนาด 6.5 กก. สีขาว", "is_enabled": true, "recommend": true, "created_datetime": "2021-07-28T11:59:51.603Z", "image": "headshots/product/1_XQZZk8s.jpg", "headshot_ppoi": "0.5x0.5"}}, {"model": "webAPI.product", "pk": 27, "fields": {"name": "เครื่องซักผ้าฝาบน TOSHIBA", "category": 4, "price": "5990.00", "detail": "เครื่องซักผ้าฝาบน TOSHIBA รุ่น AW-J800AT(WW) ขนาด 7 กก. สีเงิน", "is_enabled": true, "recommend": true, "created_datetime": "2021-07-28T12:04:07.189Z", "image": "headshots/product/1_YZmt0i0.jpg", "headshot_ppoi": "0.5x0.5"}}, {"model": "webAPI.product", "pk": 28, "fields": {"name": "เครื่องซักผ้าฝาบน HAIER", "category": 4, "price": "5490.00", "detail": "เครื่องซักผ้าฝาบน HAIER รุ่น HWM80-1708T ขนาด 8 กก.", "is_enabled": true, "recommend": true, "created_datetime": "2021-07-28T12:05:21.521Z", "image": "headshots/product/1_Jnf47x5.jpg", "headshot_ppoi": "0.5x0.5"}}, {"model": "webAPI.product", "pk": 29, "fields": {"name": "เครื่องซักผ้าฝาบน PANASONIC", "category": 4, "price": "5594.00", "detail": "เครื่องซักผ้าฝาบน PANASONIC รุ่น NA-F80B5 ขนาด 8 กก. สีขาว", "is_enabled": true, "recommend": true, "created_datetime": "2021-07-28T12:06:53.903Z", "image": "headshots/product/1_aVDohSs.jpg", "headshot_ppoi": "0.5x0.5"}}, {"model": "webAPI.product", "pk": 30, "fields": {"name": "เครื่องซักผ้าฝาบน LG", "category": 4, "price": "8490.00", "detail": "เครื่องซักผ้าฝาบน LG รุ่น T2310VS2B.ABMPETH ขนาด 10 กก.", "is_enabled": true, "recommend": true, "created_datetime": "2021-07-28T12:08:07.287Z", "image": "headshots/product/1_hu5yOq9.jpg", "headshot_ppoi": "0.5x0.5"}}, {"model": "webAPI.product", "pk": 31, "fields": {"name": "เครื่องซักผ้าฝาบน HITACHI", "category": 4, "price": "9990.00", "detail": "เครื่องซักผ้าฝาบน HITACHI รุ่น SF105XE-1 COG ขนาด 10.5 กก. สีเทา", "is_enabled": true, "recommend": true, "created_datetime": "2021-07-28T12:09:32.139Z", "image": "headshots/product/1_bXnVJe7.jpg", "headshot_ppoi": "0.5x0.5"}}, {"model": "webAPI.product", "pk": 32, "fields": {"name": "เครื่องซักผ้าฝาบน BEKO", "category": 4, "price": "7990.00", "detail": "เครื่องซักผ้าฝาบน BEKO รุ่น WTLI120S ขนาด 12 กก. สีเงิน", "is_enabled": true, "recommend": false, "created_datetime": "2021-07-28T20:50:31.542Z", "image": "headshots/product/1_xqsPTWC.jpg", "headshot_ppoi": "0.5x0.5"}}, {"model": "webAPI.product", "pk": 33, "fields": {"name": "เครื่องซักผ้าฝาบน SAMSUNG", "category": 4, "price": "20990.00", "detail": "เครื่องซักผ้าฝาบน SAMSUNG รุ่น WA15N6780CS/ST ขนาด 15 กก. สีสเตนเลส", "is_enabled": true, "recommend": true, "created_datetime": "2021-07-28T12:12:16.610Z", "image": "headshots/product/1_8eclukA.jpg", "headshot_ppoi": "0.5x0.5"}}, {"model": "webAPI.product", "pk": 34, "fields": {"name": "HAIER Smart TV", "category": 5, "price": "4790.00", "detail": "ทีวี FHD LED Smart TV MIRACAST HAIER รุ่น LE32B9600T ขนาด 32 นิ้ว สีดำ", "is_enabled": true, "recommend": false, "created_datetime": "2021-07-28T20:51:06.202Z", "image": "headshots/product/1_rcjhGpA.jpg", "headshot_ppoi": "0.5x0.5"}}, {"model": "webAPI.product", "pk": 35, "fields": {"name": "ทีวี HD LED TCL", "category": 5, "price": "5490.00", "detail": "ทีวี HD LED TCL รุ่น 32D2940 ขนาด 32 นิ้ว สีดำ", "is_enabled": true, "recommend": true, "created_datetime": "2021-07-28T12:16:21.912Z", "image": "headshots/product/1_HgJNk5w.jpg", "headshot_ppoi": "0.5x0.5"}}, {"model": "webAPI.product", "pk": 36, "fields": {"name": "ACONATIC", "category": 5, "price": "5990.00", "detail": "ACONATIC LED TV รุ่น 32HD511AN ขนาด 32 นิ้ว สีดำ", "is_enabled": true, "recommend": true, "created_datetime": "2021-07-28T12:17:48.093Z", "image": "headshots/product/1_MoJkDYy.jpg", "headshot_ppoi": "0.5x0.5"}}, {"model": "webAPI.product", "pk": 37, "fields": {"name": "LG", "category": 5, "price": "6590.00", "detail": "ทีวี HD LED LG รุ่น 32LM550BPTA.ATM ขนาด 32 นิ้ว สีดำ", "is_enabled": true, "recommend": true, "created_datetime": "2021-07-28T12:19:26.420Z", "image": "headshots/product/1_APC01Cp.jpg", "headshot_ppoi": "0.5x0.5"}}, {"model": "webAPI.product", "pk": 38, "fields": {"name": "SAMSUNG", "category": 5, "price": "5990.00", "detail": "ทีวี HD LED SAMSUNG รุ่น UA32N4003AKXXT ขนาด 32 นิ้ว สีดำ", "is_enabled": true, "recommend": true, "created_datetime": "2021-07-28T12:21:16.165Z", "image": "headshots/product/1_Vi0Fo0O.jpg", "headshot_ppoi": "0.5x0.5"}}, {"model": "webAPI.product", "pk": 39, "fields": {"name": "SHARP", "category": 6, "price": "2090.00", "detail": "มอก  มอก.1693-2547 มอก  มอก.2066-2552 เครื่องทำน้ำอุ่น 3500 วัตต์ SHARP รุ่น WH-34 สีขาว", "is_enabled": true, "recommend": true, "created_datetime": "2021-07-28T12:23:02.023Z", "image": "headshots/product/1_0be9y3g.jpg", "headshot_ppoi": "0.5x0.5"}}, {"model": "webAPI.product", "pk": 40, "fields": {"name": "MAZUMA", "category": 6, "price": "2590.00", "detail": "hugthai มอก  มอก.1693-2547 มอก  มอก.2066-2552 เครื่องทำน้ำอุ่น 3500 วัตต์ MAZUMA รุ่น INTRO S สีขาว", "is_enabled": true, "recommend": true, "created_datetime": "2021-07-28T12:24:23.284Z", "image": "headshots/product/1_IzEoKNf.png", "headshot_ppoi": "0.5x0.5"}}, {"model": "webAPI.product", "pk": 41, "fields": {"name": "PANASONIC", "category": 6, "price": "2490.00", "detail": "เครื่องทำน้ำอุ่น 3500 วัตต์ PANASONIC รุ่น DH-3LL1TWT สีขาว", "is_enabled": true, "recommend": true, "created_datetime": "2021-07-28T12:26:01.932Z", "image": "headshots/product/1_h6em3U3.png", "headshot_ppoi": "0.5x0.5"}}, {"model": "webAPI.product", "pk": 42, "fields": {"name": "RINNAI", "category": 6, "price": "3590.00", "detail": "เครื่องทำน้ำอุ่น 3500 วัตต์ RINNAI รุ่น ECO 350 สีขาว", "is_enabled": true, "recommend": true, "created_datetime": "2021-07-28T12:27:25.222Z", "image": "headshots/product/1_dOxXD7z.jpg", "headshot_ppoi": "0.5x0.5"}}, {"model": "webAPI.product", "pk": 43, "fields": {"name": "HITACHI", "category": 6, "price": "3660.00", "detail": "เครื่องทำน้ำอุ่น 3500 วัตต์ HITACHI รุ่น HES35V (SBK) สีดำ", "is_enabled": true, "recommend": true, "created_datetime": "2021-07-28T12:28:34.277Z", "image": "headshots/product/1_bnRpLtI.png", "headshot_ppoi": "0.5x0.5"}}, {"model": "webAPI.product", "pk": 44, "fields": {"name": "ARISTON", "category": 6, "price": "5180.00", "detail": "เครื่องทำน้ำอุ่น 3500 วัตต์ ARISTON รุ่น SMART ROUND สีขาว - ดำ", "is_enabled": true, "recommend": true, "created_datetime": "2021-07-28T12:31:13.617Z", "image": "headshots/product/1_04nIKM1.jpg", "headshot_ppoi": "0.5x0.5"}}, {"model": "webAPI.product", "pk": 45, "fields": {"name": "MAZUMA", "category": 7, "price": "2990.00", "detail": "เครื่องกรองน้ำดื่ม 4 ขั้นตอน MAZUMA รุ่น AQ-30PC สีขาว", "is_enabled": true, "recommend": true, "created_datetime": "2021-07-28T12:33:01.040Z", "image": "headshots/product/1_p30FZR2.png", "headshot_ppoi": "0.5x0.5"}}, {"model": "webAPI.product", "pk": 46, "fields": {"name": "PENTAIR", "category": 7, "price": "2890.00", "detail": "เครื่องกรองน้ำดื่ม 2 ขั้นตอน PENTAIR รุ่น CTD-100M สีขาว", "is_enabled": true, "recommend": true, "created_datetime": "2021-07-28T12:34:06.260Z", "image": "headshots/product/1_9Xsj7xP.png", "headshot_ppoi": "0.5x0.5"}}, {"model": "webAPI.product", "pk": 47, "fields": {"name": "FILTEX", "category": 7, "price": "3150.00", "detail": "เครื่องกรองน้ำดื่ม 4 ขั้นตอน FILTEX รุ่น FT-216 สีขาว", "is_enabled": true, "recommend": true, "created_datetime": "2021-07-28T12:35:29.933Z", "image": "headshots/product/1_eiP1D2v.png", "headshot_ppoi": "0.5x0.5"}}, {"model": "webAPI.product", "pk": 48, "fields": {"name": "ACCORD", "category": 8, "price": "229.00", "detail": "พัดลมตั้งโต๊ะ ACCORD รุ่น 7 Turbo 7 นิ้ว คละสี", "is_enabled": true, "recommend": true, "created_datetime": "2021-07-28T12:37:20.917Z", "image": "headshots/product/1_JIvS1mI.jpg", "headshot_ppoi": "0.5x0.5"}}, {"model": "webAPI.product", "pk": 49, "fields": {"name": "พัดลมตั้งโต๊ะ HATARI", "category": 8, "price": "448.00", "detail": "hugthai พัดลมตั้งโต๊ะ HATARI รุ่น HT-PS20M1 ขนาด 8 นิ้ว คละสี", "is_enabled": true, "recommend": false, "created_datetime": "2021-07-28T20:48:19.981Z", "image": "headshots/product/1_ZG3pkOq.png", "headshot_ppoi": "0.5x0.5"}}, {"model": "webAPI.product", "pk": 50, "fields": {"name": "ZAGIO", "category": 8, "price": "444.00", "detail": "พัดลมทาวเวอร์แบบตั้งโต๊ะ ZAGIO รุ่น ZG-9551 ขนาด 22 วัตต์ สีดำ - เงิน", "is_enabled": true, "recommend": false, "created_datetime": "2021-07-28T19:57:56.708Z", "image": "headshots/product/1_y4h9D2F.jpg", "headshot_ppoi": "0.5x0.5"}}, {"model": "webAPI.product", "pk": 51, "fields": {"name": "พัดลมตั้งโต๊ะ GALAXY", "category": 8, "price": "359.00", "detail": "พัดลมตั้งโต๊ะ GALAXY รุ่น TF-26 ขนาด 12 นิ้ว คละสี", "is_enabled": true, "recommend": true, "created_datetime": "2021-07-28T12:41:39.610Z", "image": "headshots/product/1_weVMnTq.png", "headshot_ppoi": "0.5x0.5"}}, {"model": "webAPI.product", "pk": 52, "fields": {"name": "พัดลมตั้งโต๊ะ SHARP", "category": 8, "price": "798.00", "detail": "พัดลมตั้งโต๊ะ SHARP รุ่น PJ-TA163 ขนาด 16 นิ้ว คละสี", "is_enabled": true, "recommend": true, "created_datetime": "2021-07-28T12:42:56.986Z", "image": "headshots/product/1_72Y2zGm.png", "headshot_ppoi": "0.5x0.5"}}, {"model": "webAPI.product", "pk": 53, "fields": {"name": "พัดลมสไลด์ MITSUBISHI", "category": 8, "price": "1190.00", "detail": "พัดลมสไลด์ MITSUBISHI รุ่น R16-GA SF-RS ขนาด 16 นิ้ว สีชมพู", "is_enabled": true, "recommend": true, "created_datetime": "2021-07-28T12:44:26.828Z", "image": "headshots/product/1_19srRGr.jpg", "headshot_ppoi": "0.5x0.5"}}, {"model": "webAPI.invoice", "pk": 1, "fields": {"user": 3, "created_datetime": "2021-07-28T17:45:32.427Z", "updated_datetime": "2021-07-28T17:45:32.427Z", "total": "916.00", "status": "Wait"}}, {"model": "webAPI.invoice", "pk": 2, "fields": {"user": 3, "created_datetime": "2021-07-29T15:50:07.842Z", "updated_datetime": "2021-07-29T15:50:07.842Z", "total": "4597.00", "status": "Success"}}, {"model": "webAPI.invoice", "pk": 3, "fields": {"user": 8, "created_datetime": "2021-07-29T10:48:17.860Z", "updated_datetime": "2021-07-29T10:48:17.860Z", "total": "687.00", "status": "Wait"}}, {"model": "webAPI.invoice", "pk": 4, "fields": {"user": 3, "created_datetime": "2021-07-29T14:52:28.103Z", "updated_datetime": "2021-07-29T14:52:28.103Z", "total": "2971.00", "status": "Cancel"}}, {"model": "webAPI.invoice", "pk": 5, "fields": {"user": 3, "created_datetime": "2021-07-30T02:52:23.711Z", "updated_datetime": "2021-07-30T02:52:23.711Z", "total": "1651.00", "status": "Wait"}}, {"model": "webAPI.invoice_item", "pk": 1, "fields": {"product": 48, "invoice": 1, "created_datetime": "2021-07-28T17:45:32.438Z", "quantity": 4, "total": "916.00"}}, {"model": "webAPI.invoice_item", "pk": 2, "fields": {"product": 7, "invoice": 2, "created_datetime": "2021-07-28T20:09:29.930Z", "quantity": 3, "total": "1170.00"}}, {"model": "webAPI.invoice_item", "pk": 3, "fields": {"product": 51, "invoice": 2, "created_datetime": "2021-07-28T20:09:29.941Z", "quantity": 1, "total": "359.00"}}, {"model": "webAPI.invoice_item", "pk": 4, "fields": {"product": 2, "invoice": 2, "created_datetime": "2021-07-28T20:09:29.951Z", "quantity": 1, "total": "398.00"}}, {"model": "webAPI.invoice_item", "pk": 5, "fields": {"product": 50, "invoice": 2, "created_datetime": "2021-07-28T20:09:29.963Z", "quantity": 1, "total": "444.00"}}, {"model": "webAPI.invoice_item", "pk": 6, "fields": {"product": 49, "invoice": 2, "created_datetime": "2021-07-28T20:09:29.977Z", "quantity": 1, "total": "448.00"}}, {"model": "webAPI.invoice_item", "pk": 7, "fields": {"product": 9, "invoice": 2, "created_datetime": "2021-07-28T20:09:29.990Z", "quantity": 2, "total": "980.00"}}, {"model": "webAPI.invoice_item", "pk": 8, "fields": {"product": 52, "invoice": 2, "created_datetime": "2021-07-28T20:09:30.007Z", "quantity": 1, "total": "798.00"}}, {"model": "webAPI.invoice_item", "pk": 9, "fields": {"product": 48, "invoice": 3, "created_datetime": "2021-07-29T10:48:17.869Z", "quantity": 3, "total": "687.00"}}, {"model": "webAPI.invoice_item", "pk": 10, "fields": {"product": 48, "invoice": 4, "created_datetime": "2021-07-29T14:50:57.087Z", "quantity": 5, "total": "1145.00"}}, {"model": "webAPI.invoice_item", "pk": 11, "fields": {"product": 51, "invoice": 4, "created_datetime": "2021-07-29T14:50:57.100Z", "quantity": 4, "total": "1436.00"}}, {"model": "webAPI.invoice_item", "pk": 12, "fields": {"product": 7, "invoice": 4, "created_datetime": "2021-07-29T14:50:57.113Z", "quantity": 1, "total": "390.00"}}, {"model": "webAPI.invoice_item", "pk": 13, "fields": {"product": 48, "invoice": 5, "created_datetime": "2021-07-30T02:52:23.720Z", "quantity": 2, "total": "458.00"}}, {"model": "webAPI.invoice_item", "pk": 14, "fields": {"product": 51, "invoice": 5, "created_datetime": "2021-07-30T02:52:23.731Z", "quantity": 1, "total": "359.00"}}, {"model": "webAPI.invoice_item", "pk": 15, "fields": {"product": 7, "invoice": 5, "created_datetime": "2021-07-30T02:52:23.743Z", "quantity": 1, "total": "390.00"}}, {"model": "webAPI.invoice_item", "pk": 16, "fields": {"product": 50, "invoice": 5, "created_datetime": "2021-07-30T02:52:23.752Z", "quantity": 1, "total": "444.00"}}, {"model": "webAPI.productimage", "pk": 1, "fields": {"product": 1, "image": "headshots/products_image/60344403.jpg", "headshot_ppoi": "0.5x0.5"}}, {"model": "webAPI.productimage", "pk": 2, "fields": {"product": 1, "image": "headshots/products_image/2_oDKuIMQ.jpg", "headshot_ppoi": "0.5x0.5"}}, {"model": "webAPI.productimage", "pk": 3, "fields": {"product": 1, "image": "headshots/products_image/3_v5rd2Pb.jpg", "headshot_ppoi": "0.5x0.5"}}, {"model": "webAPI.productimage", "pk": 4, "fields": {"product": 1, "image": "headshots/products_image/4_IIanftd.jpg", "headshot_ppoi": "0.5x0.5"}}, {"model": "webAPI.productimage", "pk": 5, "fields": {"product": 1, "image": "headshots/products_image/5.jpg", "headshot_ppoi": "0.5x0.5"}}, {"model": "webAPI.productimage", "pk": 6, "fields": {"product": 2, "image": "headshots/products_image/1.png", "headshot_ppoi": "0.5x0.5"}}, {"model": "webAPI.productimage", "pk": 7, "fields": {"product": 2, "image": "headshots/products_image/2.png", "headshot_ppoi": "0.5x0.5"}}, {"model": "webAPI.productimage", "pk": 8, "fields": {"product": 2, "image": "headshots/products_image/3.png", "headshot_ppoi": "0.5x0.5"}}, {"model": "webAPI.productimage", "pk": 9, "fields": {"product": 3, "image": "headshots/products_image/1_UKC5MXo.jpg", "headshot_ppoi": "0.5x0.5"}}, {"model": "webAPI.productimage", "pk": 10, "fields": {"product": 3, "image": "headshots/products_image/2_bfP8mWy.jpg", "headshot_ppoi": "0.5x0.5"}}, {"model": "webAPI.productimage", "pk": 11, "fields": {"product": 3, "image": "headshots/products_image/3_Yyqp6Ar.jpg", "headshot_ppoi": "0.5x0.5"}}, {"model": "webAPI.productimage", "pk": 12, "fields": {"product": 3, "image": "headshots/products_image/4_XTjoGba.jpg", "headshot_ppoi": "0.5x0.5"}}, {"model": "webAPI.productimage", "pk": 13, "fields": {"product": 3, "image": "headshots/products_image/5_hLnkkJu.jpg", "headshot_ppoi": "0.5x0.5"}}, {"model": "webAPI.productimage", "pk": 14, "fields": {"product": 4, "image": "headshots/products_image/1_uctswL6.jpg", "headshot_ppoi": "0.5x0.5"}}, {"model": "webAPI.productimage", "pk": 15, "fields": {"product": 4, "image": "headshots/products_image/2_xfQJHIt.jpg", "headshot_ppoi": "0.5x0.5"}}, {"model": "webAPI.productimage", "pk": 16, "fields": {"product": 4, "image": "headshots/products_image/3_2P0wvVn.jpg", "headshot_ppoi": "0.5x0.5"}}, {"model": "webAPI.productimage", "pk": 17, "fields": {"product": 4, "image": "headshots/products_image/4_oj7HKu6.jpg", "headshot_ppoi": "0.5x0.5"}}, {"model": "webAPI.productimage", "pk": 18, "fields": {"product": 5, "image": "headshots/products_image/1_EhtNfTe.png", "headshot_ppoi": "0.5x0.5"}}, {"model": "webAPI.productimage", "pk": 19, "fields": {"product": 5, "image": "headshots/products_image/2_ZKnSBLQ.png", "headshot_ppoi": "0.5x0.5"}}, {"model": "webAPI.productimage", "pk": 20, "fields": {"product": 5, "image": "headshots/products_image/3_8sxxVcP.jpg", "headshot_ppoi": "0.5x0.5"}}, {"model": "webAPI.productimage", "pk": 21, "fields": {"product": 5, "image": "headshots/products_image/4_ukLTGXR.jpg", "headshot_ppoi": "0.5x0.5"}}, {"model": "webAPI.productimage", "pk": 22, "fields": {"product": 6, "image": "headshots/products_image/1_zUakOVU.png", "headshot_ppoi": "0.5x0.5"}}, {"model": "webAPI.productimage", "pk": 23, "fields": {"product": 6, "image": "headshots/products_image/2_bNuTvvk.png", "headshot_ppoi": "0.5x0.5"}}, {"model": "webAPI.productimage", "pk": 24, "fields": {"product": 6, "image": "headshots/products_image/3_zfOqCed.jpg", "headshot_ppoi": "0.5x0.5"}}, {"model": "webAPI.productimage", "pk": 25, "fields": {"product": 6, "image": "headshots/products_image/4_QmJ4elq.jpg", "headshot_ppoi": "0.5x0.5"}}, {"model": "webAPI.productimage", "pk": 26, "fields": {"product": 7, "image": "headshots/products_image/1_Sc1h3Tq.png", "headshot_ppoi": "0.5x0.5"}}, {"model": "webAPI.productimage", "pk": 27, "fields": {"product": 7, "image": "headshots/products_image/2_hbtjhR0.png", "headshot_ppoi": "0.5x0.5"}}, {"model": "webAPI.productimage", "pk": 28, "fields": {"product": 7, "image": "headshots/products_image/3_wdrFvCY.png", "headshot_ppoi": "0.5x0.5"}}, {"model": "webAPI.productimage", "pk": 29, "fields": {"product": 7, "image": "headshots/products_image/4_qRKXobR.jpg", "headshot_ppoi": "0.5x0.5"}}, {"model": "webAPI.productimage", "pk": 30, "fields": {"product": 8, "image": "headshots/products_image/1_JWeAeGU.jpg", "headshot_ppoi": "0.5x0.5"}}, {"model": "webAPI.productimage", "pk": 31, "fields": {"product": 8, "image": "headshots/products_image/2_kv5B7cn.png", "headshot_ppoi": "0.5x0.5"}}, {"model": "webAPI.productimage", "pk": 32, "fields": {"product": 8, "image": "headshots/products_image/3_pnmD9ZY.jpg", "headshot_ppoi": "0.5x0.5"}}, {"model": "webAPI.productimage", "pk": 33, "fields": {"product": 8, "image": "headshots/products_image/4_NqdhFjZ.jpg", "headshot_ppoi": "0.5x0.5"}}, {"model": "webAPI.productimage", "pk": 34, "fields": {"product": 9, "image": "headshots/products_image/1_YauYHb6.jpg", "headshot_ppoi": "0.5x0.5"}}, {"model": "webAPI.productimage", "pk": 35, "fields": {"product": 9, "image": "headshots/products_image/2_BVQBka5.jpg", "headshot_ppoi": "0.5x0.5"}}, {"model": "webAPI.productimage", "pk": 36, "fields": {"product": 9, "image": "headshots/products_image/3_NqxB5i9.jpg", "headshot_ppoi": "0.5x0.5"}}, {"model": "webAPI.productimage", "pk": 37, "fields": {"product": 9, "image": "headshots/products_image/4_O2XAYdq.jpg", "headshot_ppoi": "0.5x0.5"}}, {"model": "webAPI.productimage", "pk": 38, "fields": {"product": 10, "image": "headshots/products_image/1_LJHYNhT.jpg", "headshot_ppoi": "0.5x0.5"}}, {"model": "webAPI.productimage", "pk": 39, "fields": {"product": 10, "image": "headshots/products_image/2_LT6hBnT.jpg", "headshot_ppoi": "0.5x0.5"}}, {"model": "webAPI.productimage", "pk": 40, "fields": {"product": 10, "image": "headshots/products_image/3_dJ9zWOf.jpg", "headshot_ppoi": "0.5x0.5"}}, {"model": "webAPI.productimage", "pk": 41, "fields": {"product": 10, "image": "headshots/products_image/4_GnnMvqQ.jpg", "headshot_ppoi": "0.5x0.5"}}, {"model": "webAPI.productimage", "pk": 42, "fields": {"product": 11, "image": "headshots/products_image/1_TSzhTHe.jpg", "headshot_ppoi": "0.5x0.5"}}, {"model": "webAPI.productimage", "pk": 43, "fields": {"product": 11, "image": "headshots/products_image/2_YjWk5U3.jpg", "headshot_ppoi": "0.5x0.5"}}, {"model": "webAPI.productimage", "pk": 44, "fields": {"product": 11, "image": "headshots/products_image/3_QLdurKY.jpg", "headshot_ppoi": "0.5x0.5"}}, {"model": "webAPI.productimage", "pk": 45, "fields": {"product": 11, "image": "headshots/products_image/4_eVc6ubM.jpg", "headshot_ppoi": "0.5x0.5"}}, {"model": "webAPI.productimage", "pk": 46, "fields": {"product": 12, "image": "headshots/products_image/1_IgY7Fqj.jpg", "headshot_ppoi": "0.5x0.5"}}, {"model": "webAPI.productimage", "pk": 47, "fields": {"product": 12, "image": "headshots/products_image/2_hyjEZHP.jpg", "headshot_ppoi": "0.5x0.5"}}, {"model": "webAPI.productimage", "pk": 48, "fields": {"product": 12, "image": "headshots/products_image/3_9LzgVDJ.jpg", "headshot_ppoi": "0.5x0.5"}}, {"model": "webAPI.productimage", "pk": 49, "fields": {"product": 12, "image": "headshots/products_image/4_RRAYo9L.jpg", "headshot_ppoi": "0.5x0.5"}}, {"model": "webAPI.productimage", "pk": 50, "fields": {"product": 13, "image": "headshots/products_image/1_46g1Cza.jpg", "headshot_ppoi": "0.5x0.5"}}, {"model": "webAPI.productimage", "pk": 51, "fields": {"product": 13, "image": "headshots/products_image/2_MkaMHYc.jpg", "headshot_ppoi": "0.5x0.5"}}, {"model": "webAPI.productimage", "pk": 52, "fields": {"product": 13, "image": "headshots/products_image/3_Y65pJlT.jpg", "headshot_ppoi": "0.5x0.5"}}, {"model": "webAPI.productimage", "pk": 53, "fields": {"product": 14, "image": "headshots/products_image/1_jTLdpHB.jpg", "headshot_ppoi": "0.5x0.5"}}, {"model": "webAPI.productimage", "pk": 54, "fields": {"product": 14, "image": "headshots/products_image/2_raX3gTn.jpg", "headshot_ppoi": "0.5x0.5"}}, {"model": "webAPI.productimage", "pk": 55, "fields": {"product": 14, "image": "headshots/products_image/3_wqF33cy.jpg", "headshot_ppoi": "0.5x0.5"}}, {"model": "webAPI.productimage", "pk": 56, "fields": {"product": 14, "image": "headshots/products_image/4_bAMni3b.jpg", "headshot_ppoi": "0.5x0.5"}}, {"model": "webAPI.productimage", "pk": 57, "fields": {"product": 15, "image": "headshots/products_image/1_3E79ftt.jpg", "headshot_ppoi": "0.5x0.5"}}, {"model": "webAPI.productimage", "pk": 58, "fields": {"product": 15, "image": "headshots/products_image/2_Rv9mqvH.jpg", "headshot_ppoi": "0.5x0.5"}}, {"model": "webAPI.productimage", "pk": 59, "fields": {"product": 15, "image": "headshots/products_image/3_DlKgep7.jpg", "headshot_ppoi": "0.5x0.5"}}, {"model": "webAPI.productimage", "pk": 60, "fields": {"product": 15, "image": "headshots/products_image/4_fdfeY53.jpg", "headshot_ppoi": "0.5x0.5"}}, {"model": "webAPI.productimage", "pk": 61, "fields": {"product": 16, "image": "headshots/products_image/1_TdA3ykG.jpg", "headshot_ppoi": "0.5x0.5"}}, {"model": "webAPI.productimage", "pk": 62, "fields": {"product": 16, "image": "headshots/products_image/2_kAj9v62.jpg", "headshot_ppoi": "0.5x0.5"}}, {"model": "webAPI.productimage", "pk": 63, "fields": {"product": 16, "image": "headshots/products_image/3_sIwHOmb.jpg", "headshot_ppoi": "0.5x0.5"}}, {"model": "webAPI.productimage", "pk": 64, "fields": {"product": 16, "image": "headshots/products_image/4_OmqVKhM.jpg", "headshot_ppoi": "0.5x0.5"}}, {"model": "webAPI.productimage", "pk": 65, "fields": {"product": 17, "image": "headshots/products_image/1_LShki16.jpg", "headshot_ppoi": "0.5x0.5"}}, {"model": "webAPI.productimage", "pk": 66, "fields": {"product": 17, "image": "headshots/products_image/2_KjPBIEn.jpg", "headshot_ppoi": "0.5x0.5"}}, {"model": "webAPI.productimage", "pk": 67, "fields": {"product": 17, "image": "headshots/products_image/3_jBm6Lgh.jpg", "headshot_ppoi": "0.5x0.5"}}, {"model": "webAPI.productimage", "pk": 68, "fields": {"product": 17, "image": "headshots/products_image/4_3kDBAgG.jpg", "headshot_ppoi": "0.5x0.5"}}, {"model": "webAPI.productimage", "pk": 69, "fields": {"product": 18, "image": "headshots/products_image/1_0mvTa1o.png", "headshot_ppoi": "0.5x0.5"}}, {"model": "webAPI.productimage", "pk": 70, "fields": {"product": 18, "image": "headshots/products_image/2_wpgudGN.jpg", "headshot_ppoi": "0.5x0.5"}}, {"model": "webAPI.productimage", "pk": 71, "fields": {"product": 18, "image": "headshots/products_image/3_DwaY92H.jpg", "headshot_ppoi": "0.5x0.5"}}, {"model": "webAPI.productimage", "pk": 72, "fields": {"product": 18, "image": "headshots/products_image/4_y7YQmMp.jpg", "headshot_ppoi": "0.5x0.5"}}, {"model": "webAPI.productimage", "pk": 73, "fields": {"product": 19, "image": "headshots/products_image/1_zcj9KoQ.jpg", "headshot_ppoi": "0.5x0.5"}}, {"model": "webAPI.productimage", "pk": 74, "fields": {"product": 19, "image": "headshots/products_image/2_X3zNNQI.jpg", "headshot_ppoi": "0.5x0.5"}}, {"model": "webAPI.productimage", "pk": 75, "fields": {"product": 20, "image": "headshots/products_image/1_HbdESXs.jpg", "headshot_ppoi": "0.5x0.5"}}, {"model": "webAPI.productimage", "pk": 76, "fields": {"product": 20, "image": "headshots/products_image/2_gTZgvzP.jpg", "headshot_ppoi": "0.5x0.5"}}, {"model": "webAPI.productimage", "pk": 77, "fields": {"product": 20, "image": "headshots/products_image/3_iJFaHuv.jpg", "headshot_ppoi": "0.5x0.5"}}, {"model": "webAPI.productimage", "pk": 78, "fields": {"product": 21, "image": "headshots/products_image/2_A1wKtLF.jpg", "headshot_ppoi": "0.5x0.5"}}, {"model": "webAPI.productimage", "pk": 79, "fields": {"product": 21, "image": "headshots/products_image/3_SPjoTIc.jpg", "headshot_ppoi": "0.5x0.5"}}, {"model": "webAPI.productimage", "pk": 80, "fields": {"product": 21, "image": "headshots/products_image/4_hVXuCwu.jpg", "headshot_ppoi": "0.5x0.5"}}, {"model": "webAPI.productimage", "pk": 81, "fields": {"product": 22, "image": "headshots/products_image/1_eX0XofG.jpg", "headshot_ppoi": "0.5x0.5"}}, {"model": "webAPI.productimage", "pk": 82, "fields": {"product": 22, "image": "headshots/products_image/2_M0jZoez.jpg", "headshot_ppoi": "0.5x0.5"}}, {"model": "webAPI.productimage", "pk": 83, "fields": {"product": 22, "image": "headshots/products_image/3_b2mANCX.jpg", "headshot_ppoi": "0.5x0.5"}}, {"model": "webAPI.productimage", "pk": 84, "fields": {"product": 22, "image": "headshots/products_image/4_g94Cyva.jpg", "headshot_ppoi": "0.5x0.5"}}, {"model": "webAPI.productimage", "pk": 85, "fields": {"product": 23, "image": "headshots/products_image/1_dCiYdTw.jpg", "headshot_ppoi": "0.5x0.5"}}, {"model": "webAPI.productimage", "pk": 86, "fields": {"product": 23, "image": "headshots/products_image/2_UoLcC9w.jpg", "headshot_ppoi": "0.5x0.5"}}, {"model": "webAPI.productimage", "pk": 87, "fields": {"product": 23, "image": "headshots/products_image/3_0FfpTVm.jpg", "headshot_ppoi": "0.5x0.5"}}, {"model": "webAPI.productimage", "pk": 88, "fields": {"product": 23, "image": "headshots/products_image/4_4u8MsiF.jpg", "headshot_ppoi": "0.5x0.5"}}, {"model": "webAPI.productimage", "pk": 89, "fields": {"product": 24, "image": "headshots/products_image/1_H0QkgE1.jpg", "headshot_ppoi": "0.5x0.5"}}, {"model": "webAPI.productimage", "pk": 90, "fields": {"product": 24, "image": "headshots/products_image/2_dzKBcyu.jpg", "headshot_ppoi": "0.5x0.5"}}, {"model": "webAPI.productimage", "pk": 91, "fields": {"product": 24, "image": "headshots/products_image/3_QrkRdKg.png", "headshot_ppoi": "0.5x0.5"}}, {"model": "webAPI.productimage", "pk": 92, "fields": {"product": 24, "image": "headshots/products_image/4_ugdlBIr.jpg", "headshot_ppoi": "0.5x0.5"}}, {"model": "webAPI.productimage", "pk": 93, "fields": {"product": 25, "image": "headshots/products_image/1_ISh12dh.jpg", "headshot_ppoi": "0.5x0.5"}}, {"model": "webAPI.productimage", "pk": 94, "fields": {"product": 25, "image": "headshots/products_image/2_rBX9saf.jpg", "headshot_ppoi": "0.5x0.5"}}, {"model": "webAPI.productimage", "pk": 95, "fields": {"product": 25, "image": "headshots/products_image/3_UzYQJTp.jpg", "headshot_ppoi": "0.5x0.5"}}, {"model": "webAPI.productimage", "pk": 96, "fields": {"product": 25, "image": "headshots/products_image/4_Btt5JlR.jpg", "headshot_ppoi": "0.5x0.5"}}, {"model": "webAPI.productimage", "pk": 97, "fields": {"product": 26, "image": "headshots/products_image/1_TVi4ylv.jpg", "headshot_ppoi": "0.5x0.5"}}, {"model": "webAPI.productimage", "pk": 98, "fields": {"product": 26, "image": "headshots/products_image/2_29gldEi.jpg", "headshot_ppoi": "0.5x0.5"}}, {"model": "webAPI.productimage", "pk": 99, "fields": {"product": 26, "image": "headshots/products_image/3_UlTSgIF.jpg", "headshot_ppoi": "0.5x0.5"}}, {"model": "webAPI.productimage", "pk": 100, "fields": {"product": 26, "image": "headshots/products_image/4_BozXn2v.jpg", "headshot_ppoi": "0.5x0.5"}}, {"model": "webAPI.productimage", "pk": 101, "fields": {"product": 27, "image": "headshots/products_image/1_ZQ4IJ1T.jpg", "headshot_ppoi": "0.5x0.5"}}, {"model": "webAPI.productimage", "pk": 102, "fields": {"product": 27, "image": "headshots/products_image/2_C7Cgtgc.jpg", "headshot_ppoi": "0.5x0.5"}}, {"model": "webAPI.productimage", "pk": 103, "fields": {"product": 27, "image": "headshots/products_image/3_k6xKGzQ.jpg", "headshot_ppoi": "0.5x0.5"}}, {"model": "webAPI.productimage", "pk": 104, "fields": {"product": 27, "image": "headshots/products_image/4_dfPClP1.jpg", "headshot_ppoi": "0.5x0.5"}}, {"model": "webAPI.productimage", "pk": 105, "fields": {"product": 28, "image": "headshots/products_image/1_pvE4tvI.jpg", "headshot_ppoi": "0.5x0.5"}}, {"model": "webAPI.productimage", "pk": 106, "fields": {"product": 28, "image": "headshots/products_image/2_uf4BxWS.jpg", "headshot_ppoi": "0.5x0.5"}}, {"model": "webAPI.productimage", "pk": 107, "fields": {"product": 28, "image": "headshots/products_image/3_3oC3wJJ.jpg", "headshot_ppoi": "0.5x0.5"}}, {"model": "webAPI.productimage", "pk": 108, "fields": {"product": 28, "image": "headshots/products_image/4_ji76FJJ.jpg", "headshot_ppoi": "0.5x0.5"}}, {"model": "webAPI.productimage", "pk": 109, "fields": {"product": 29, "image": "headshots/products_image/1_RN6kzQg.jpg", "headshot_ppoi": "0.5x0.5"}}, {"model": "webAPI.productimage", "pk": 110, "fields": {"product": 29, "image": "headshots/products_image/2_Qk2pQOc.jpg", "headshot_ppoi": "0.5x0.5"}}, {"model": "webAPI.productimage", "pk": 111, "fields": {"product": 29, "image": "headshots/products_image/3_BdbHl4j.jpg", "headshot_ppoi": "0.5x0.5"}}, {"model": "webAPI.productimage", "pk": 112, "fields": {"product": 29, "image": "headshots/products_image/4_Vv6BBms.jpg", "headshot_ppoi": "0.5x0.5"}}, {"model": "webAPI.productimage", "pk": 113, "fields": {"product": 30, "image": "headshots/products_image/1_gTeYAVu.jpg", "headshot_ppoi": "0.5x0.5"}}, {"model": "webAPI.productimage", "pk": 114, "fields": {"product": 30, "image": "headshots/products_image/2_OB7tViX.jpg", "headshot_ppoi": "0.5x0.5"}}, {"model": "webAPI.productimage", "pk": 115, "fields": {"product": 30, "image": "headshots/products_image/3_rLn7dRZ.jpg", "headshot_ppoi": "0.5x0.5"}}, {"model": "webAPI.productimage", "pk": 116, "fields": {"product": 30, "image": "headshots/products_image/4_EiAy0H9.jpg", "headshot_ppoi": "0.5x0.5"}}, {"model": "webAPI.productimage", "pk": 117, "fields": {"product": 31, "image": "headshots/products_image/1_XqIUXwy.jpg", "headshot_ppoi": "0.5x0.5"}}, {"model": "webAPI.productimage", "pk": 118, "fields": {"product": 31, "image": "headshots/products_image/2_ID6r67E.jpg", "headshot_ppoi": "0.5x0.5"}}, {"model": "webAPI.productimage", "pk": 119, "fields": {"product": 31, "image": "headshots/products_image/3_FQzdn8E.jpg", "headshot_ppoi": "0.5x0.5"}}, {"model": "webAPI.productimage", "pk": 120, "fields": {"product": 31, "image": "headshots/products_image/4_WR1dDW0.jpg", "headshot_ppoi": "0.5x0.5"}}, {"model": "webAPI.productimage", "pk": 121, "fields": {"product": 32, "image": "headshots/products_image/1_1wtV5ge.jpg", "headshot_ppoi": "0.5x0.5"}}, {"model": "webAPI.productimage", "pk": 122, "fields": {"product": 32, "image": "headshots/products_image/2_DpNHFhs.jpg", "headshot_ppoi": "0.5x0.5"}}, {"model": "webAPI.productimage", "pk": 123, "fields": {"product": 32, "image": "headshots/products_image/3_2xxJh1D.jpg", "headshot_ppoi": "0.5x0.5"}}, {"model": "webAPI.productimage", "pk": 124, "fields": {"product": 32, "image": "headshots/products_image/4_LqUuFAp.jpg", "headshot_ppoi": "0.5x0.5"}}, {"model": "webAPI.productimage", "pk": 125, "fields": {"product": 33, "image": "headshots/products_image/1_kVOwAVS.jpg", "headshot_ppoi": "0.5x0.5"}}, {"model": "webAPI.productimage", "pk": 126, "fields": {"product": 33, "image": "headshots/products_image/2_woBTCla.jpg", "headshot_ppoi": "0.5x0.5"}}, {"model": "webAPI.productimage", "pk": 127, "fields": {"product": 33, "image": "headshots/products_image/3_u2Ynx7S.jpg", "headshot_ppoi": "0.5x0.5"}}, {"model": "webAPI.productimage", "pk": 128, "fields": {"product": 33, "image": "headshots/products_image/4_CpQFahP.jpg", "headshot_ppoi": "0.5x0.5"}}, {"model": "webAPI.productimage", "pk": 129, "fields": {"product": 34, "image": "headshots/products_image/1_YdXrmY9.jpg", "headshot_ppoi": "0.5x0.5"}}, {"model": "webAPI.productimage", "pk": 130, "fields": {"product": 34, "image": "headshots/products_image/2_MPgluCa.jpg", "headshot_ppoi": "0.5x0.5"}}, {"model": "webAPI.productimage", "pk": 131, "fields": {"product": 34, "image": "headshots/products_image/3_2B6Kzzl.jpg", "headshot_ppoi": "0.5x0.5"}}, {"model": "webAPI.productimage", "pk": 132, "fields": {"product": 34, "image": "headshots/products_image/4_h3xsdBT.jpg", "headshot_ppoi": "0.5x0.5"}}, {"model": "webAPI.productimage", "pk": 133, "fields": {"product": 35, "image": "headshots/products_image/1_IKQjsE4.jpg", "headshot_ppoi": "0.5x0.5"}}, {"model": "webAPI.productimage", "pk": 134, "fields": {"product": 35, "image": "headshots/products_image/2_YBQGo1w.jpg", "headshot_ppoi": "0.5x0.5"}}, {"model": "webAPI.productimage", "pk": 135, "fields": {"product": 35, "image": "headshots/products_image/3_Aq9Afup.jpg", "headshot_ppoi": "0.5x0.5"}}, {"model": "webAPI.productimage", "pk": 136, "fields": {"product": 35, "image": "headshots/products_image/4_NzRrFrT.jpg", "headshot_ppoi": "0.5x0.5"}}, {"model": "webAPI.productimage", "pk": 137, "fields": {"product": 36, "image": "headshots/products_image/1_E8OzDgD.jpg", "headshot_ppoi": "0.5x0.5"}}, {"model": "webAPI.productimage", "pk": 138, "fields": {"product": 36, "image": "headshots/products_image/2_MWPbYni.jpg", "headshot_ppoi": "0.5x0.5"}}, {"model": "webAPI.productimage", "pk": 139, "fields": {"product": 36, "image": "headshots/products_image/3_6JoDn5J.jpg", "headshot_ppoi": "0.5x0.5"}}, {"model": "webAPI.productimage", "pk": 140, "fields": {"product": 36, "image": "headshots/products_image/4_DFN6wek.jpg", "headshot_ppoi": "0.5x0.5"}}, {"model": "webAPI.productimage", "pk": 141, "fields": {"product": 36, "image": "headshots/products_image/5_NsW1hAz.jpg", "headshot_ppoi": "0.5x0.5"}}, {"model": "webAPI.productimage", "pk": 142, "fields": {"product": 37, "image": "headshots/products_image/1_yumEwSi.jpg", "headshot_ppoi": "0.5x0.5"}}, {"model": "webAPI.productimage", "pk": 143, "fields": {"product": 37, "image": "headshots/products_image/2_TADdOah.jpg", "headshot_ppoi": "0.5x0.5"}}, {"model": "webAPI.productimage", "pk": 144, "fields": {"product": 37, "image": "headshots/products_image/3_NVr0Md2.jpg", "headshot_ppoi": "0.5x0.5"}}, {"model": "webAPI.productimage", "pk": 145, "fields": {"product": 37, "image": "headshots/products_image/4_V6mgmx2.jpg", "headshot_ppoi": "0.5x0.5"}}, {"model": "webAPI.productimage", "pk": 146, "fields": {"product": 38, "image": "headshots/products_image/1_h9mzndA.jpg", "headshot_ppoi": "0.5x0.5"}}, {"model": "webAPI.productimage", "pk": 147, "fields": {"product": 38, "image": "headshots/products_image/2_hSsvGHh.jpg", "headshot_ppoi": "0.5x0.5"}}, {"model": "webAPI.productimage", "pk": 148, "fields": {"product": 38, "image": "headshots/products_image/3_qTEFtwH.jpg", "headshot_ppoi": "0.5x0.5"}}, {"model": "webAPI.productimage", "pk": 149, "fields": {"product": 38, "image": "headshots/products_image/4_DwdcdCN.jpg", "headshot_ppoi": "0.5x0.5"}}, {"model": "webAPI.productimage", "pk": 150, "fields": {"product": 38, "image": "headshots/products_image/5_20aiJkv.jpg", "headshot_ppoi": "0.5x0.5"}}, {"model": "webAPI.productimage", "pk": 151, "fields": {"product": 39, "image": "headshots/products_image/1_WWZPtSo.jpg", "headshot_ppoi": "0.5x0.5"}}, {"model": "webAPI.productimage", "pk": 152, "fields": {"product": 39, "image": "headshots/products_image/2_ASzhniK.jpg", "headshot_ppoi": "0.5x0.5"}}, {"model": "webAPI.productimage", "pk": 153, "fields": {"product": 39, "image": "headshots/products_image/3_xx1Bw8B.jpg", "headshot_ppoi": "0.5x0.5"}}, {"model": "webAPI.productimage", "pk": 154, "fields": {"product": 39, "image": "headshots/products_image/4_enNiBfc.jpg", "headshot_ppoi": "0.5x0.5"}}, {"model": "webAPI.productimage", "pk": 155, "fields": {"product": 40, "image": "headshots/products_image/1_tAZbrXQ.png", "headshot_ppoi": "0.5x0.5"}}, {"model": "webAPI.productimage", "pk": 156, "fields": {"product": 40, "image": "headshots/products_image/2_ZRucDLZ.jpg", "headshot_ppoi": "0.5x0.5"}}, {"model": "webAPI.productimage", "pk": 157, "fields": {"product": 40, "image": "headshots/products_image/3_JoxyNMn.jpg", "headshot_ppoi": "0.5x0.5"}}, {"model": "webAPI.productimage", "pk": 158, "fields": {"product": 40, "image": "headshots/products_image/4_n8BVxer.jpg", "headshot_ppoi": "0.5x0.5"}}, {"model": "webAPI.productimage", "pk": 159, "fields": {"product": 41, "image": "headshots/products_image/1_x2HL1Eg.png", "headshot_ppoi": "0.5x0.5"}}, {"model": "webAPI.productimage", "pk": 160, "fields": {"product": 41, "image": "headshots/products_image/2_heQFnZ0.png", "headshot_ppoi": "0.5x0.5"}}, {"model": "webAPI.productimage", "pk": 161, "fields": {"product": 41, "image": "headshots/products_image/3_bFKbaFS.jpg", "headshot_ppoi": "0.5x0.5"}}, {"model": "webAPI.productimage", "pk": 162, "fields": {"product": 41, "image": "headshots/products_image/4_MUiWRFB.jpg", "headshot_ppoi": "0.5x0.5"}}, {"model": "webAPI.productimage", "pk": 163, "fields": {"product": 42, "image": "headshots/products_image/1_yMQDlyL.jpg", "headshot_ppoi": "0.5x0.5"}}, {"model": "webAPI.productimage", "pk": 164, "fields": {"product": 42, "image": "headshots/products_image/2_zNqsvRR.jpg", "headshot_ppoi": "0.5x0.5"}}, {"model": "webAPI.productimage", "pk": 165, "fields": {"product": 42, "image": "headshots/products_image/3_rvJLdEt.jpg", "headshot_ppoi": "0.5x0.5"}}, {"model": "webAPI.productimage", "pk": 166, "fields": {"product": 42, "image": "headshots/products_image/4_GD4jSXz.jpg", "headshot_ppoi": "0.5x0.5"}}, {"model": "webAPI.productimage", "pk": 167, "fields": {"product": 43, "image": "headshots/products_image/2_MyVuSec.png", "headshot_ppoi": "0.5x0.5"}}, {"model": "webAPI.productimage", "pk": 168, "fields": {"product": 43, "image": "headshots/products_image/3_HzoS7ip.png", "headshot_ppoi": "0.5x0.5"}}, {"model": "webAPI.productimage", "pk": 169, "fields": {"product": 43, "image": "headshots/products_image/4_CetwcP4.jpg", "headshot_ppoi": "0.5x0.5"}}, {"model": "webAPI.productimage", "pk": 170, "fields": {"product": 44, "image": "headshots/products_image/1_zwCVLkN.jpg", "headshot_ppoi": "0.5x0.5"}}, {"model": "webAPI.productimage", "pk": 171, "fields": {"product": 44, "image": "headshots/products_image/1_Yybs4fH.png", "headshot_ppoi": "0.5x0.5"}}, {"model": "webAPI.productimage", "pk": 172, "fields": {"product": 44, "image": "headshots/products_image/2_HW9R1XS.png", "headshot_ppoi": "0.5x0.5"}}, {"model": "webAPI.productimage", "pk": 173, "fields": {"product": 44, "image": "headshots/products_image/3_UeYcWaX.png", "headshot_ppoi": "0.5x0.5"}}, {"model": "webAPI.productimage", "pk": 174, "fields": {"product": 45, "image": "headshots/products_image/1_EUmN8nt.png", "headshot_ppoi": "0.5x0.5"}}, {"model": "webAPI.productimage", "pk": 175, "fields": {"product": 45, "image": "headshots/products_image/2_y6ElYwA.png", "headshot_ppoi": "0.5x0.5"}}, {"model": "webAPI.productimage", "pk": 176, "fields": {"product": 45, "image": "headshots/products_image/3_3id7ilC.png", "headshot_ppoi": "0.5x0.5"}}, {"model": "webAPI.productimage", "pk": 177, "fields": {"product": 45, "image": "headshots/products_image/4_WYhJ5Mp.jpg", "headshot_ppoi": "0.5x0.5"}}, {"model": "webAPI.productimage", "pk": 178, "fields": {"product": 46, "image": "headshots/products_image/1_9JKpW56.png", "headshot_ppoi": "0.5x0.5"}}, {"model": "webAPI.productimage", "pk": 179, "fields": {"product": 46, "image": "headshots/products_image/2_w855WOq.png", "headshot_ppoi": "0.5x0.5"}}, {"model": "webAPI.productimage", "pk": 180, "fields": {"product": 46, "image": "headshots/products_image/3_XlV0VGY.png", "headshot_ppoi": "0.5x0.5"}}, {"model": "webAPI.productimage", "pk": 181, "fields": {"product": 46, "image": "headshots/products_image/4.png", "headshot_ppoi": "0.5x0.5"}}, {"model": "webAPI.productimage", "pk": 182, "fields": {"product": 47, "image": "headshots/products_image/1_T8TmIIc.png", "headshot_ppoi": "0.5x0.5"}}, {"model": "webAPI.productimage", "pk": 183, "fields": {"product": 47, "image": "headshots/products_image/2_3XEBtkO.png", "headshot_ppoi": "0.5x0.5"}}, {"model": "webAPI.productimage", "pk": 184, "fields": {"product": 47, "image": "headshots/products_image/3_QxbN5QX.png", "headshot_ppoi": "0.5x0.5"}}, {"model": "webAPI.productimage", "pk": 185, "fields": {"product": 47, "image": "headshots/products_image/4_qYQhZCu.jpg", "headshot_ppoi": "0.5x0.5"}}, {"model": "webAPI.productimage", "pk": 186, "fields": {"product": 48, "image": "headshots/products_image/1_FQtsoAN.jpg", "headshot_ppoi": "0.5x0.5"}}, {"model": "webAPI.productimage", "pk": 187, "fields": {"product": 48, "image": "headshots/products_image/2_8Bd2WQf.jpg", "headshot_ppoi": "0.5x0.5"}}, {"model": "webAPI.productimage", "pk": 188, "fields": {"product": 48, "image": "headshots/products_image/3_w1VNoyb.jpg", "headshot_ppoi": "0.5x0.5"}}, {"model": "webAPI.productimage", "pk": 189, "fields": {"product": 48, "image": "headshots/products_image/4_8bdPE7J.jpg", "headshot_ppoi": "0.5x0.5"}}, {"model": "webAPI.productimage", "pk": 190, "fields": {"product": 49, "image": "headshots/products_image/1_0nK7Wn4.png", "headshot_ppoi": "0.5x0.5"}}, {"model": "webAPI.productimage", "pk": 191, "fields": {"product": 49, "image": "headshots/products_image/2_UOzC19O.png", "headshot_ppoi": "0.5x0.5"}}, {"model": "webAPI.productimage", "pk": 192, "fields": {"product": 49, "image": "headshots/products_image/3_AUMjnSk.jpg", "headshot_ppoi": "0.5x0.5"}}, {"model": "webAPI.productimage", "pk": 193, "fields": {"product": 49, "image": "headshots/products_image/4_MtRAu1L.jpg", "headshot_ppoi": "0.5x0.5"}}, {"model": "webAPI.productimage", "pk": 194, "fields": {"product": 50, "image": "headshots/products_image/1_KE2didZ.jpg", "headshot_ppoi": "0.5x0.5"}}, {"model": "webAPI.productimage", "pk": 195, "fields": {"product": 50, "image": "headshots/products_image/2_nD130x3.jpg", "headshot_ppoi": "0.5x0.5"}}, {"model": "webAPI.productimage", "pk": 196, "fields": {"product": 50, "image": "headshots/products_image/3_TOtSDd7.jpg", "headshot_ppoi": "0.5x0.5"}}, {"model": "webAPI.productimage", "pk": 197, "fields": {"product": 50, "image": "headshots/products_image/4_t2EXz90.jpg", "headshot_ppoi": "0.5x0.5"}}, {"model": "webAPI.productimage", "pk": 198, "fields": {"product": 51, "image": "headshots/products_image/1_el3AOJe.png", "headshot_ppoi": "0.5x0.5"}}, {"model": "webAPI.productimage", "pk": 199, "fields": {"product": 51, "image": "headshots/products_image/2_MiG5NOi.png", "headshot_ppoi": "0.5x0.5"}}, {"model": "webAPI.productimage", "pk": 200, "fields": {"product": 51, "image": "headshots/products_image/3_ZSp3nYs.jpg", "headshot_ppoi": "0.5x0.5"}}, {"model": "webAPI.productimage", "pk": 201, "fields": {"product": 51, "image": "headshots/products_image/4_0w31qCE.jpg", "headshot_ppoi": "0.5x0.5"}}, {"model": "webAPI.productimage", "pk": 202, "fields": {"product": 52, "image": "headshots/products_image/1_hVAGjUi.png", "headshot_ppoi": "0.5x0.5"}}, {"model": "webAPI.productimage", "pk": 203, "fields": {"product": 52, "image": "headshots/products_image/2_0BzxI4y.png", "headshot_ppoi": "0.5x0.5"}}, {"model": "webAPI.productimage", "pk": 204, "fields": {"product": 52, "image": "headshots/products_image/3_m6b4d7z.png", "headshot_ppoi": "0.5x0.5"}}, {"model": "webAPI.productimage", "pk": 205, "fields": {"product": 52, "image": "headshots/products_image/4_OmxhDT9.png", "headshot_ppoi": "0.5x0.5"}}, {"model": "webAPI.productimage", "pk": 206, "fields": {"product": 53, "image": "headshots/products_image/1_U2kECuu.jpg", "headshot_ppoi": "0.5x0.5"}}, {"model": "webAPI.productimage", "pk": 207, "fields": {"product": 53, "image": "headshots/products_image/2_4Z6vDQT.jpg", "headshot_ppoi": "0.5x0.5"}}, {"model": "webAPI.productimage", "pk": 208, "fields": {"product": 53, "image": "headshots/products_image/3_re8YLHZ.jpg", "headshot_ppoi": "0.5x0.5"}}, {"model": "webAPI.productimage", "pk": 209, "fields": {"product": 53, "image": "headshots/products_image/4_wPmlgt1.jpg", "headshot_ppoi": "0.5x0.5"}}, {"model": "webAPI.comment", "pk": 1, "fields": {"message": "asdasd", "product": 1, "user": 3, "datetime": "2021-07-28T15:58:42.371Z", "is_activate": true}}, {"model": "webAPI.comment", "pk": 2, "fields": {"message": "asdasd", "product": 1, "user": 3, "datetime": "2021-07-28T15:58:53.930Z", "is_activate": true}}, {"model": "webAPI.comment", "pk": 3, "fields": {"message": "ลดได้ไหมครับ", "product": 2, "user": 1, "datetime": "2021-07-28T16:24:10.397Z", "is_activate": true}}, {"model": "webAPI.comment", "pk": 4, "fields": {"message": "ลดได้ไหมครับ", "product": 3, "user": 3, "datetime": "2021-07-28T16:24:47.492Z", "is_activate": true}}, {"model": "webAPI.comment", "pk": 5, "fields": {"message": "asdasd", "product": 1, "user": 3, "datetime": "2021-07-28T16:25:13.428Z", "is_activate": true}}, {"model": "webAPI.comment", "pk": 6, "fields": {"message": "asdasd", "product": 22, "user": 3, "datetime": "2021-07-28T17:08:27.046Z", "is_activate": true}}, {"model": "webAPI.comment", "pk": 7, "fields": {"message": "ddd", "product": 1, "user": 3, "datetime": "2021-07-28T17:09:16.649Z", "is_activate": true}}, {"model": "webAPI.comment", "pk": 8, "fields": {"message": "ddd", "product": 1, "user": 3, "datetime": "2021-07-28T17:11:06.375Z", "is_activate": true}}, {"model": "webAPI.comment", "pk": 9, "fields": {"message": "สวัสดีชาวโลก", "product": 1, "user": 3, "datetime": "2021-07-28T17:13:28.218Z", "is_activate": true}}, {"model": "webAPI.comment", "pk": 10, "fields": {"message": "พัดลมแรงมากครับ", "product": 48, "user": 3, "datetime": "2021-07-29T01:52:07.544Z", "is_activate": true}}, {"model": "webAPI.comment", "pk": 11, "fields": {"message": "พัดลมแรงมากครับ", "product": 48, "user": 3, "datetime": "2021-07-29T01:52:19.644Z", "is_activate": true}}, {"model": "webAPI.comment", "pk": 12, "fields": {"message": "ใช่ครับดีครับ", "product": 48, "user": 3, "datetime": "2021-07-29T02:02:39.515Z", "is_activate": true}}, {"model": "webAPI.comment", "pk": 13, "fields": {"message": "ส่งไวมากๆๆๆๆๆๆๆๆ", "product": 48, "user": 3, "datetime": "2021-07-29T02:07:37.986Z", "is_activate": true}}, {"model": "webAPI.comment", "pk": 14, "fields": {"message": "สีสวยมาก", "product": 48, "user": 3, "datetime": "2021-07-29T02:11:43.695Z", "is_activate": true}}, {"model": "webAPI.comment", "pk": 15, "fields": {"message": "ดีๆ", "product": 49, "user": 3, "datetime": "2021-07-29T02:19:35.902Z", "is_activate": true}}, {"model": "webAPI.comment", "pk": 16, "fields": {"message": "dd", "product": 48, "user": 3, "datetime": "2021-07-29T02:26:53.901Z", "is_activate": true}}, {"model": "webAPI.comment", "pk": 17, "fields": {"message": "555555555555555555555555", "product": 48, "user": 3, "datetime": "2021-07-29T02:30:34.638Z", "is_activate": true}}, {"model": "webAPI.comment", "pk": 18, "fields": {"message": "555555555555555555555555", "product": 48, "user": 3, "datetime": "2021-07-29T02:34:55.574Z", "is_activate": true}}, {"model": "webAPI.comment", "pk": 19, "fields": {"message": "มีเบอร์  6 ไหมครับ", "product": 51, "user": 4, "datetime": "2021-07-29T07:03:23.761Z", "is_activate": true}}, {"model": "webAPI.comment", "pk": 20, "fields": {"message": "ร้อนแรงมาก ๆ", "product": 7, "user": 3, "datetime": "2021-07-30T03:39:19.266Z", "is_activate": true}}, {"model": "webAPI.imageuser", "pk": 1, "fields": {"user": 3, "image": "headshots/User/65ec7c45-ad5d-477e-83b0-4c361aff64af.jpeg", "headshot_ppoi": "0.5x0.5"}}]